title,score,comment,label
보이스,10,와 하 진짜 보고 나서 나오는데 이 삶의 질이 달라진 느낌은 뭐지 내가 이걸 방구석에서 폰으로 봤으면 진짜 어쩔 뻔 영화 리뷰는 처음 써보는데 이 정도로 감명 깊은 영화란 뜻 동시에 뭐랄까 교훈 같은 것도 얻어감,1
담보,7,전형적인 전개로 자아내는 감동,1
부활,10,보고 싶은데 볼 수 있는 방법이 없네요 아무리 찾아도..ㅜ.ㅜ근데 저만 이렇게 생각하는건 아닌듯 하네요 다들 보고 싶어하네요재개봉을 하든 인터넷 어디서든 결제할테니 볼 수 있었음 좋겠어요,1
싱크홀,10,평점 왜이러지요 ㅜㅜ 난 재밌었는데,1
기적,8,중반부터 끝까지 오열하며 본 영화쉴 틈없이 계속 울면서 봤으며 감동과 연기 스토리 모두 좋았지만 마지막 연출과 반딧불이 연출은 상당히 아쉬웠습니다공항에서 만나는거 까진 좋았지만 배경음악과 연출에서 좀 어이없었어요ㅠㅠ비행기에서 만나거나 몇년 후에 미국돌아와서 공항에서 만나는 씬이었음 더 좋았을거 같네요힐링 영화인줄 알았는데 머리와 눈이 아플정도로 울어서 너무 힘들었습니다아무튼 좋은 영화였어요,1
이웃사촌,2,어색한 사투리 억양 때문에 몰입이 안되네요.물론 정우 제외.,0
미드나이트,2,아니 ㅅㅂ문자로 잘만얘기하드만생판 모르는 사람들한테는 수화할려고 하네,0
싱크홀,3,대끌 전부 알바천국 몬스터들 뿐이구만. 내가 진정 진실되고 솔직한 후기 남겨줄께. 지금 내 글 잘봐! 일단 영화 씽크홀은 삼시쎄끼OOO 차승원 차줌마가 모든걸 해결한다. 심지어 재난상황에서 음식까지 선보인다. 말도 않되는 설정과 더불어 대개한민국의 시각특수효과는 여전히 유치원 저능아 수준의 개병맛. 그럼에도 불구하고 중간중간에 개그코드가 있어서 난 3점을 주었다. 씨네21 머저리 평론가 박평시기랑 이용처리는 5저이나 주었구나. 얼마받았니?,0
리스타트,10,눈물 흘리게 만드는(여러 가지 의미로) 액션영화라니.,1
에반 올마이티,10,아이랑 흐뭇하게 볼 수 있는 명작 영화였어. 헐리우드는 자극적인 것만 만들지 말고 이런걸 만들어야해,1
아이,10,참 현실적인 영화였다.오랫만에 좋은 영화를 본거같다.,1
키싱 부스 3,2,나만 이해 안 되나 하고 평점 보러 왔는데 역시...,0
아수라,10,역주행  굿굿 10자10자,1
기적,9,눈물 참느라 혼났네 손수건 준비요,1
랑종,7,불쾌함과 찝찝함이 뒤섞인 혼란스런 공포 체험,1
사브리나,8,시대의 트랜드나 감성은 전혀 이해하지 못한채 타임머신을 타고와 어설픈 평을 늘어놓는 코흘리개들...,1
피아니스트의 전설,8,김병지형 감동적으로 잘봤습니다.,1
콜래트럴,10,"액션, 서스펜스, 철학 뭐하나 빠지지 않는 재미가 있다.",1
신이 말하는 대로,3,"뻔한 설정과 예상가능한 생존자, 어색한 CG. 기발함 하나는 인정.",0
라이프,1,스트레스 받고 싶거나 암 걸리고 싶으신 분들만 보세요,0
그래비티,10,"무중력으로 떠돌아다니지말고, 지금 여기! 두 발로 땅을 걸어가는거야. 훌륭한 영화입니다. 우주라는 소재로 인간의 마음을 말해주었군요",1
헬로우 고스트,10,눈물이 멈추지 않는 ....  이게 왜 300만 밖에 안되는지 ....,1
싱크홀,10,빵빵터졌습니다!!!내울화통이...,1
쇼미더고스트,10,간만에 즐겁고 머리 쓰지않고 담백한 재밌는 영화네요.. 살짝 무섭기도함.볼까말까했는데  재밌네요..가벼운 마음으로 보시면 꽤 괜찮음.,1
기적,2,"나는 이 영화가 왜 9.2점인지 도무지 이해가 안된다. 볼만한건 배우들의 연기뿐, 어설픈 연출, 억지 신파, 거기에다 실화인것처럼 가장한 픽션... 마무리도 갑자기 멜로, 도저히 이해가 안된다.",0
프리 가이,10,홍보 안하나? 인스타 외국게시물보고 이런 영화 첨 알았네 ㅡㅡ,1
싱크홀,2,돈 안주고도 보기가 참..,0
검객,8,"국내 영화에서 사극액션 씬 중 검술액션은 그동안 연출하기 힘들었고 시원시원한 멋이 부족했는데, 이 영화에서는 그런 부분을 시원하게 뚫여주었다. 스토리도 군더더기 없이 간단명료하고 연기자들도 검술액션에 많은 준비를 한 게 보였음. 장혁이 아니었다면 소화하기 힘들었지도~ (히무라 켄신과 나중에 한번 붙어보는 것도 나쁘지 않을 듯 ㅋㅋ)",1
벤자민 버튼의 시간은 거꾸로 간다,10,"한사람의 인생을 탄생,삶,죽음에 이르기까지 잔잔하게 보여준다. 나의 인생을 훗날 돌아본다면 이런느낌일까라는 생각이든다. 어릴땐 지루하게 느껴져 꺼버렸던 영화를 12년이 지난 지금 다시보니, 계속울고 있는 나를 발견했다. 영원한건 없다라는 말, 내평생 사랑했던 사람도, 가족,친구도 죽음앞에 언젠간 이별하는 순간이 오고, 그 순간이 오면 받아들이게 된다는 사실에 마음이 너무 아팠다. 당연한 사실이지만 영화를 통해, 벤자민과 데이지를 통해 너무 깊숙히 느끼게 됬다. 자극적인 장면 없이 잔잔하고 고요한 바다처럼 흘러가는 전개속에 잔잔한 음악이 더해져 더 깊숙히 그들의 삶을 느낄수 있었다. 삶에 대한 생각이 깊어진 어느날, 별 기대없이 본 이 영화가 삶에 대한 감사와 사랑하는사람들과 함께할 수 있는 현재에 감사하고 행복한것임을 느끼게 해주었다. 후회없도록 사랑하고 행복하게 살아가야지..인생을 살아온 깊이에 따라 느끼는 감정도 달라진다는걸 느꼈다. 10년뒤에 다시보면 어떤느낌일지 궁금하다. 제 삶의 최고의 명작!!!!",1
맨 인 더 다크 2,10,악당들이 불만 꺼지면 불쌍하누  ㅜㅜ,1
적인걸5: 측천무후 지유명도,8,여기 평점 왜 그런지 알려주자면 짱꼴라들 때문에 영화까지 욕먹음. 그냥 영화로만 보면 8점 줘도 됨,1
퐁네프의 연인들,10,인간은 모두에게 사마리아인이다. 좋거나 나쁘거나. 좋으면서 나쁘거나.,1
기적,10,이성민 이수경 대박입니다.,1
캔디맨,7,뭐랄까...‘BLACK LIVES MATTER‘ 캠페인의 기놉시스를 두 시간정도에 걸쳐 보는 기분..? 영화 자체는 나쁘지 않았음. 근데 공포/스릴러보단 가벼운 킬링타임으로 봐야할듯 ㅎㅎ.. 인종차별문제를 담으려 하다보니 킬링타임으로 가볍게 즐겨질지는 미지수,1
내일의 기억,8,처음엔 서예지처럼 엄청 혼란스럽다가중반부 이후 이해가 되면서모든 기억들이 맞아들어가는 것이인상적임 영화였습니다.영화적 스토리를 위해 어쩔 수 없었겠으나비련의 여주인공이 비극에 달할때까지가만히 있다가 구해주는게 저로썬좀 아쉽네요...에휴... 나이드니 새드엔딩이 싫네요 ㅠㅠㅠㅠ지루한 부분없이 잘 봤습니다.,1
기적,10,기대 이상의 한국영화입니다.  감동도 있고 배우들 연기도 짱입니다.~,1
인트로덕션,2,있어보이는척하지마라 그냥 아무것도 없는 영화다. 이런영화에 평있냐,0
라라랜드,9,너무 현실적이고 슬퍼서 싫은 영화 ㅠ,1
모가디슈,10,구교환은 왤케 섹시한거임,1
벅시,10,워렌 비티 연기 지렸다...완전 벅시 시걸 그 자체네.. 돈빼돌린놈한테 급박지르고 벌벌 기게 만드는 장면은 거의 대부 알파치노의 분노연기를 넘어서는 수준. 그 모습을 보고 완전 매료 되어버린 여자가 말 없이 식사중인 벅시에게 다가가 스킨십을 하는 장면도 너무나 인상적이었다. 폭력적인 모습을 보이는 강인한 남성에게 오히려 섹시함을 느끼는 여자들의 아이러니한 심리표현을 연출한 그 장면이야말로 이 영화의 베스트씬이 아닐까..,1
샹치와 텐 링즈의 전설,2,마블 영화를 가장한 위선적인 중국 자본 영화.  내용 없고 유치한 cg만 난무합니다. 시간 아까우니 절대 보지 마세요.,0
미드나이트,1,0점 주고싶습니다. 중간중간 답답한 전개와 말도안되는 상황연출 그리고 엔딩은 왜 그런가요? 영화상 가장 똑똑한건 범죄자네요. 경찰 군인 시민 등 모든게 현실과의 괴리감이 심하고 나의 인생 1시간 30분이 증발했네요. 이영화 도대체 왜 만든겁니까? 이니 무슨 생각으로 만든겁니까? 스토리 작가는 납기에 쫓겻나요? 감독은 이영화가 될거라 생각하고 내놓으신건가요? 시간이 너무너무 아깝고 영화를 좋아하는 사람중에 하나로써 21세기의 한국영화수준을끌어내리는 역활을 했네요. 축하드립니다.,0
나의 특별한 형제,3,억지감동 억지웃음 높은 평점에 속았다 그저 그렇고 그런 한국영화,0
보이스,10,영화 볼만하고 재미있어요 ^^몰입감 있게 잘봤습니다.추천드려요!,1
샹치와 텐 링즈의 전설,9,요즘같은 중국이라면 치를 떠는 시국에 이런 중국냄새 풀풀 풍기는 영화가 네이버평점 7점대인건 솔직히 재미는 있다는거지 영화에서 중화사상이나 중국이라는 나라의 현실태를 옹호하는 내용있다거나 했으면 솔직히 졸작이겠지만 그런거 1도 없고 그냥 예전 중국의 재밌었던  무협영화를 마블식 히어로로 재해석한거같아 나름 볼만한영화다 나도 요즘 중국 꼬라지보면 개같은 나라라고 생각하는데 그런생각 다 빼고 영화자체로만 놓고 평가한다면 결코 재미없는 영화는 아님 엔드게임 이후로 마블이 좀 감이 죽지 않았을까 걱정을 좀 했는데 역시 마블은 마블이더라,1
랑종,8,영화관에서 앞자리 분들이 자리에서 30cm정도 뜨면서 놀랄 때 재밌었습니다. 그리고 전 기대했던 영화라.. 분석하는 재미도 있고 좋았습니다. 후반부가 좀 아쉬웠을 뿐.,1
툼 레이더,10,얘들 평점이 와이랴..,1
워크래프트: 전쟁의 서막,2,엉망진창으로 짰네스토리 살릴캐릭은 살려야지,0
머나먼 사랑,10,"얘들 이거 평점 준 것좀 보게나,,",1
어벤져스: 엔드게임,1,"마블팬들 뒷통수 후려친 영화 1위, 빅3뿐만 아니라 다른 히어로들 팬들도 OO아하는 작품 1위, 덕분에 페이즈4는 전작 똥치우기에 여념이 없는 일개 디딤돌역할만 하게 만든 OOO기영화 1위, 배우한테는 쪽대본 짭대본주고 연기시킨 인스턴트 영화 1위, 정작 결말은 지들이 만들고 작가랑 감독들도 제대로 이해 못한 어이없는 영화, 3시간을 낭비하고 싶다면 보세요.",0
모리타니안,8,쌍팔년도도 아니고..,1
원티드,10,안젤리나 졸리 역시...,1
코다,8,스스로를 받아들이는 과정을 담은 이야기... 아 잠시만 눈물좀 닦고요,1
82년생 김지영,1,피해의식에 쩔어 있는 판타지 소설,0
완벽한 동거,1,ㅇㄴ.. 정시아 ㅅㅅ하는거좀 보고싶은데 하나도 없노...,0
사브리나,10,iamw씨 영화를 볼줄모르나 1954년 제작된 영화다.그 시대의 한국영화와 비교해봐라.,1
뷰티 인사이드,10,뻔한스토리의 한국영화지만 난 가끔 다시보고 또 본다.,1
싱크홀,1,살아있다 보다 더 재미없다.,0
모비딕,2,대사가 너무 유치해서 보기가 힘듬...,0
아임 유어 맨,7,"가끔 누가 로봇이고 누가 인간인지 헷갈리는 장면이 보여서 흥미로웠고, 로봇을 다룬 영화가 많지만 감독연출의 차이와 시대상에 따라 조금씩 변형되는 재미도 느낄수 있었다",1
배틀로얄,8,"2000년에 나온 영화인걸 감안하고 보자...솔직히 배틀로얄이 한국 영화고 오징어게임이 일본 드라마였다면표절이라고 존나 욕할거잖아...?당시 기준으론 지금 오징어게임보다도 더 파격적인 영화인덕에 일본보다 해외에서 더 인기가 많았고, 주연 배우 중에는 헐리웃 러브콜도 받음. 그만큼 데스게임류의 원조격인데..",1
싱크홀,8,"평점보고 뻔한 영화일거다 싶어서 안보려다가 봤는데요. 생각보다 재밌는데요?등장인물들 연기력이야 다 보증된 사람들이고, 연출도 깔끔하고 보는내내 지루하지 않고 아슬아슬한 장면들도 많아서 재난 영화 스럽고다만 헐리웃영화만큼의 영상미나 특수효과는 없었지만 이정도면 충분히 재밌었습니다! 악평 준 사람들은 모여?",1
더티 댄싱,10,그냥 보면 ~Ost 완전 좋아요,1
복수는 나의 것,10,보면서 연출이 미쳤다고 감탄한 부분이 여럿있네요 가히 마지막은 압권이라 우와가 절로 나왔슴 제목 바꿔도 될듯 복수는 이런 것으로..,1
보이스,10,보이스피싱 피해가 저렇게나 많을줄이야.. 갈수록 피해규모가 크네.. 김무열님 연기 너무 찰지게 잘하시고 변요한님도 연기 너무 잘하시고 액션더 너무 잘하심,1
아내를 죽였다,7,기대 이상.관객의 집중력을 이끌어 내는 힘. 다만 막판에 다소 미약한 느낌,1
모가디슈,10,간간히 웃음 포인트와 감동이 있고 과하지 않게 감초 역활하는 조인성 연기가 멋지다. 크게 자기만 욕심내지 않고 김윤석를 잘 받쳐주면서도 색깔 있는 연기를 보면서 감독이 왜 조인성의 인성을 극찬했는지 다시느껴짐,1
싱크홀,1,7광구 감독..끄덕,0
"광해, 왕이 된 남자",10,퍼런 칼날선 영화일꺼라 생각하고 보다보니 따듯한 영화였네ㅋㅋ 실제로 고증된건 아니겠지만 처음 광해군의 빨간 실내복은 인상에 남습니다  곤룡포보다도 몇배 멋지네요  ^^,1
보이스,10,댓글 알바 아니고요 ! 팩트 말씀드립니다.재밌습니다.근데 약간 억지스러운 부분이 살짝 가미 됐는데 그거 넘기고 볼 만큼 내용이라든지 영상미는 한국영화에서 볼만합니다 ㅎㅎ,1
이그잼,1,재미도 스릴도 감동도 개연성도 아무것도 없음. 보지 마세요.,0
말리그넌트,10,넌진짜 뭘하든 되겠다.천재다,1
보이스,10,오랜만에 영화봤는데너무 재밌게잘봤습니다 ^^연기가 예술이였습니다!!,1
기적,10,악평 충분히 이해감 85년 이후 출생자일듯 이전 출생자라면 10점영화,1
퍼펙트 스톰,10,배우들의 명연기 생동감 넘치는 영상미 명작요즘은 이런 영화를 보기가 힘들죠꼭 한번 보시길 강추합니다~,1
어느 가족,9,"피 한 방울 안 섞였지만 같은 시간과 같은 장소를 공유한다는 것. 집에 돌아갔지만 가족을 빼앗긴 유리와, 더 이상 아빠라고 부를 사람이 없어진 쇼타. 이 아이들은 앞으로 어떻게 살아갈까. 많은 물음을 던지는 영화.",1
싱크홀,8,가족끼리 다 같이 봤는데 가볍게 보기 좋은 것 같아요. 이광수님 너무 좋아하는데 잘 봤어요~,1
패왕별희 디 오리지널,1,재미없고 중뽕 극혐임 whw같이 소리 지르는거 2시간 들으면서 정신병 안 걸린게 다행,0
기적,10,"영화관서 보고 알았습니다. 평점 만점은 언플이 아니라, 레알 찐 이라는 것을요,  스포일러 자제를 위해 이정도로 끝냅니다.",1
보이스,8,딱 킬링타임용! 보이스피싱에 대한 경각심 만큼은 확실히 각인 시킴!,1
신이 말하는 대로,10,개꿀잼임 ㅋㅋ 오징어게임보다잼씀,1
신라의 달밤,10,너무 연기가 기가 막히고 너무 재밌꼬 감동이고 웃겼을때도있어요 너무 잘하고 칭찬하고 싶어요♡♡♡♡^^,1
신라의 달밤,10,너무 연기가 기가 막히고 너무 재밌꼬 감동이고 웃겼을때도있어요 너무 잘하고 칭찬하고 싶어요♡♡♡♡^^,1
신라의 달밤,10,너무 연기가 기가 막히고 너무 재밌꼬 감동이고 웃겼을때도있어요 너무 잘하고 칭찬하고 싶어요♡♡♡♡^^,1
신라의 달밤,10,너무 연기가 기가 막히고 너무 재밌꼬 감동이고 웃겼을때도있어요 너무 잘하고 칭찬하고 싶어요♡♡♡♡^^,1
신라의 달밤,10,너무 연기가 기가 막히고 너무 재밌꼬 감동이고 웃겼을때도있어요 너무 잘하고 칭찬하고 싶어요♡♡♡♡^^,1
중앙역,10,브라질 영화는 처음인데  한국적인 정서가 많이 느껴졌음,1
아수라,8,배우들의 연기가 브라운관을 찢을 기세의 영화. 다 보고나니 정치인 누구가 떠오르는 영화. 실화바탕 다큐가 아닌지 의문이 남는 영화. 하이퍼리얼리즘. 시장+조폭+택지개발 삼박자의 부정부패 하모니!,1
모가디슈,10,스토리 배우는 말할필요도없이 완벽했고..  남북의 현실을 대비적인 모습들로 더 적나라하게 보여서 뭔가 찡했다.  이때 이후로 최초로 남북 un공동가입 했던거 아닌가? 통일. 시간이 지날수록 더 꺼내기 어려워지고 희미해질수록 더 기억하며 살아야하지 않나 싶다.  요즘 역사관련 얘기만 나오면 국뽕 이라면서 셀프노예사상 가지는 애들 많은데.  스스로에대한 정체성이 없으니 떳떳해야 할부분이 부끄러워 보이는 거다.   이 영화를보고 차 추격씬이나 디테일에 감명깊은것도 좋지만... 역사적인 실화를 바탕으로 만든작품이니만큼 많은 분들이 영화 배경에 대해서 심도 있게 고민해볼수 있었으면 좋겠다.,1
영화의 거리,8,영화가 아름다운 사진 같았습니다. 발랄한 예고편과 달리 조용하고 차분한 영화였고대사 또한 불필요한 말들이 별로 없음에도 장면 장면들이 말하지 않는 두 주인공의 감정을 채워주는 특별한 경험을 했던 것 같아요. 그런 장면이 제게 여운을 많이 남겼습니다 대사가 아닌 장면으로서 와닿을 때 말로 표현할 수 없는 감동이 있었어요. 다른 영화와는 확실히 다른 영화적 표현이었던 것 같아요 정말 위로가 많이 되었습니다,1
싱크홀,2,아주 재밌게 잘봤어욤^^예고편 존잼!!!!,0
샹치와 텐 링즈의 전설,10,"크게 기대를 안하고 봤는데 첨엔 좀 개연성이 떨어지는듯 했으나, 일부러 그런건지 몰겠지만 볼수록 빠져들며 특히 영상미가 쥑이고 액션이 진짜 볼만합니다!! 넘 재밌게 봤고 샹치가 볼수록 멋있습니다ㅠㅠㅠ",1
모가디슈,8,"북한말이 자막처리되어 아쉬웠다 서로 돕는 동포임을 전하려는 영화에서 굳이 자막을 썼어야하나? 하지만 cg가 훌륭하고 연기력도 좋다 총소리가 너무 많이나서 귀가 멍멍할 지경,,, 흑인 아역들이 조금 불쌍했다",1
작은 연못,10,"북 빨갱이나, 양키 추종자나... 결국 다 똑같은 것들이지.난 이 영화보고 또 양키 추종자들 OO거리겠구나..생각했다.",1
쿵푸 허슬,7,주성치영화 갖고 따지는거 아니다 평점 7.1,1
보이스,1,경고한다.  보지마라.  개연성 없는 전개에 정말 기가 막히고 코가 막힐거다.,0
싱크홀,3,넘 잼없어서 보다 말아습니다!!그래도 땅무너질때까지 참고 봤습니다!,0
코다,7,익숙한 방식으로 풀어낸 사회적 약자들의 싱어송라이팅,1
보스 베이비 2,10,"내용, 전개, 캐릭터 등 모두 좋았고 그 중 OST가 정말 좋았어요",1
샹치와 텐 링즈의 전설,1,고퀄의 중국 영화를 보는 느낌... 마블 세계관이랑 이게 어떻게 연결이 되는건가 싶을 정도,0
싱크홀,10,저는 개인적으로 정말 좋았어요 !!! 재밌으면서도 감동적인 그런 영화 ㅠㅠ 배우분들 연기도 넘 좋았습니다 ??,1
에반 올마이티,10,두번 세번 보아도 가치가 있는 영화재미와 감동과 재치가 돋보이는 영화다아이들과 온가족에게 정말 좋은 시간을 선물해주었다,1
모비딕,3,실화를 기반으로 스토리를 구성한건 좋으나 연출이 별로임… 뭔가 중구난방에 몰입이 잘 안되는 느낌.. 이런 현실비판적 영화는 많은 울림을 주는 영화들이 많은데 연출이 너무 아쉬움.. 엥? 스러운 마무리 ㅋㅋ,0
보이스,8,김무열 연기 진짜 좋다. 스토리는 평범함,1
그대 너머에,1,너무빡쳐서 3년만에 후기씀.. 평점 전부 지인들인듯.. 평점에 속아서 시간을 잃었다.해도해도 너무하다 온갖 오마주에배우들 연기력은 모두 다 하….음향처리좀 어케 해봐요 제발종이 바스락거릴때 귀 터지는줄 ㅠㅠ마지막에 지연아 너무 많이 불러서 정말 소리로 고문당하는 줄 알았습니다태어나서 처음으로 돈 주고 본게 아깝다고 생각했어요,0
기적,10,오랜만에 영화보고 눈물 났어요 기대만큼 재미있게 봤습니다~ 배우분들 연기도 최고!!,1
퍼시픽 림: 업라이징,1,부산과 김정훈이 홍보에 이용만 당한 영화.,0
해리 포터와 마법사의 돌,10,역시 명작,1
걸캅스,8,"사회성있는 소재, 뻔한 스토리, 열혈 여케미 평점 7.5",1
라스트 갓파더,10,"아이와 함께넘 재미있게 봐서, 몇년이 지났는데도 아이가 보고싶어합니다~",1
시간의 끝에서 널 기다려,10,우연히 봤는데 적당히 볼만한 영화,1
기적,10,너무 많이 울었고 그렇다고 많이 슬픈 영화는 아니에요. 배우들 연기도 너무 좋았고 보는 내내 마음이 따뜻해지는 기분이었어요.,1
보이스,8,저열한 비웃음에 권총을 겨누기만 하다,1
기적,10,너무 감동적이고 안 보면 후회할 드라마ㅠㅠ,1
렛 미 인,10,2008년 스웨덴판이 헐리웃판 작품보다 차갑고 인상적이다,1
캔디맨,1,쫌 뜨니까 메시지를 전달해지고 싶어진거 같은데 그 결과 흑인 특유의 피해의식만 있는 b급 고어물됨. ㅈㅈ,0
보이스,9,한번쯤은 보면 좋을듯한 내용이라경각심을 일으키게드라마로  만들면 좋을듯,1
트리거 포인트,10,짧고 굵은게 좋지만 너무 짧잖아요.후속작 잇었으면 좋겠어요.역시 중년남성의 와일드한 느와르연기가 어줍잖은 액션연기 보다 좋은것 같아요.,1
당갈,10,기특해 너무..누가 기특해서 눈물나긴처음이네,1
보이스,1,개연성 ㅎㅌㅊ....,0
리틀 포레스트,8,온기가 있는 생명은 다 의지가 되는 법이야...,1
보이스,10,완전 몰입하고 봤어요 연기 대박…..,1
캔디맨,7,흑인 인권 문제를 우화로 풀어낸 서스펜스호러물.,1
거룩한 계보,10,연기도 좋고 스토리탄탄하고 노래도좋고,1
보이스,10,진짜 너무 재밌고 영화가 보이스피싱에 대한 경각심을 다시 일깨워준 것같아서 잘 본거같아요 ㅠㅠ 다른 사람들도 많이 많이 봤으면 하는 영화입니다 우리 모두 조심합시다ㅠㅠ,1
아수라,10,"안남 ,  소장동 ,   음. 그때 이미 냄새가 났구먼",1
나의 특별한 형제,10,너무 감동적이고 편견을 깨주고 배울게 많았던 영화,1
침입자,8,연기는 좋았다. 하지만 뻔히 보이는 스토리는 좀.. 그나마 높은 별점의 이유는 열린 결말..하지만 생각해보면 보이는 결말.. 가슴 아린 느낌을 주진 못 했지만 생각해보면 아린 결말임..결론..있을때 잘하자..,1
보이스,10,변요한 사랑한다고 좀 전해주세요 김무열 잘한다..,1
침입자,8,"생각보다 볼만해요, 방금 티비 방송해줘서 봤는데  기대 1도 안하고 보니까  재밌네용 ㅋㅋㅋ",1
아-하: 테이크 온 미,10,열혈팬으로서 한컷 한컷 긴장하면서 놓치지않을려고 봤어여  예전음악 나올때마다 눈물도 많이 흘리고.  아쉬운 점은  너무 딱딱하게 만든거같아요 .좀 인간극장처럼 만들었으면하는 아쉬움,1
아수라,10,아니 대체 몇 수 앞을 내다 보신겁니까 감독님…. 정우성님은 이 영화를 찍고도 그렇게 좌측에서 못 벗어나신게 참… 이해가 안가네요리얼 다큐멘터리 영화 잘 보고 갑니다.반드시 비리가 밝혀지길 바랍니다. 화천대유 누구껍니까????,1
그집,1,공포스릴러 매니아인데 이영화는 무서운 장면1도 없고 스토리 자체도 너무~ 재미가 없고 그냥 시종일관 계속 사운드 갑툭튀로 놀래키는게 다임  심지어  소리때문에 깜짝 놀라는것도 초반 두어번.. 그 다음부터 무표정. 언제 끝나나 정신력으로 봤네,0
싱크홀,1,진짜 너무 재미없어서 울뻔함,0
캔디맨,1,낮은 평점 행렬에 동참하겠다!!!!,0
모가디슈,2,억지스러운 스토리조성으로 보는데 답답했음,0
싱크홀,8,2003년쯤 나왔으면 재밌었을 영화감독님이 시대를 너무 앞서가서 한바퀴돌아 오셨나,1
죽지않는 인간들의 밤,10,너무 재밌음 나는 이런 b급 코미디 너무 좋아,1
랑종,10,무속 혹은 토속신앙 좀 알고 보면 엄청 잘만든 영화라는 걸 알수있음..사람들이 공포영화라고 했을때 일반적으로 기대하는 부분과 달라서 평점이 낮은듯..진짜 잘만든 영화 아무 정보없이 보는게 젤좋음,1
싱크홀,10,재난영화 아닙니다.코믹영화 보고싶으신분들께 추천 합니다재밌게 봤습니다,1
캔디맨,7,원작은 읽어보지 않아서 잘 모르겠지만... 영화에서 정치적 사회적 메세지를 장르적 문법과 결합시켜 전달하려는 시도는 숱하게 이어져왔고 특히 좀비/공포스릴러 장르에 많이 적용되기는 했는데... 이 영화는 장르적 쾌감과 몰입도라는 측면에서는 다소 아쉬움이 남을 수 밖에 없습니다.,1
샹치와 텐 링즈의 전설,8,액션 너무 멋있고 양조위도 멋있고,1
기적,10,오징어게임에 미친 세상에  말하는 인간의 존재의미,1
침입자,2,이런 OOO를...무열이가 그냥 OO임...보면 답나옴...완전 비추,0
로빈의 소원,10,나의 최애배우 로빈 윌리암스. . 그는 역시 최고의 배우였다.,1
보이스,10,재미와 상관없이 전국민이 꼭 봐야할 영화,1
모가디슈,7,지루할 시간 없이 스피드한 전개가 좋아요 재미있게 봤어요근데 딱히 기억에 남는건 없어요,1
보이스,9,간만에 볼만했던 한국영화!!,1
종착역,8,중1 소녀들의 세상끝 탐사기!!  대사 전달이 조금 아쉽긴 했지만 독립영화의 열악한 녹음 환경을 고려하면 그냥 넘어가기로 했습니다ㅎㅎ 30살 젊은 남성 감독 2명이서 나름 섬세한 작품을 내놓았네요. 앞으로가 더 기대됩니다^^ 윤가은 감독님 긴장하셔야겠어요ㅋㅋㅋ,1
침입자,1,고구마를 먹은것 같다는 말의 의미를 알고싶나? 이 영화를 보고 느끼는 답답함을 말하는거다. 블랙위도우도 그렇고 이것도 그렇고 여자감독은 걸러야 한다,0
방법: 재차의,10,드라마에 이어서 영화도 잘봤습니다,1
낙원의 밤,10,영화 정말 괜찮은데.. 관객수가 고작 1200명정도라니 이해가 안간다.  코로나때문으로 이해할 수 밖에..ㅠㅠ,1
보이스,8,보이스피싱 관련 장면 나올때마다 한숨 나오고 패고싶더군요..!!,1
샹치와 텐 링즈의 전설,2,한마디로 최악이라고 자신있게 얘기할수있응,0
부에나 비스타 소셜 클럽,10,드디어 극장 관람했습니다. 쿠바 (재즈)음악의 향취에 흠뻑 빠져 귀가 호강하고 활홀경에 빠진 두시간이었네요!!! 왠지 가장 빔 벤더스 같지 않은 영화이자 가장 몰입해서 봤던 작품이었습니다^^ 작년 봄 <프리저베이션 홀 재즈밴드>가 좀 아쉬웠었는데 이 다큐랑 연결해서 보면 좀더 많은 것을 이해할 수 있었을 것 같네요,1
기적,10,온 국민이 봤으면 하는 영화예요! 마음 따뜻합니다.,1
투씨,8,"시대를 앞선 페미니무비. 볼수록 빠져드는 매력의 안경쓴 아줌마 도로띠. 탁월한 연출과 연기, 각본에 매력넘치는 조연들, 적절한 타이밍에 나오는 ost. ""This is a nightmare"" ""you slut""",1
침입자,2,이러니 망했지 스토리 개판,0
코다,10,포스터만 봤을 때는 단순한 로맨스 영화인 줄 알았는데 한 농인 가족의 성장 스토리였네요 그래서 더 좋았어요ㅎㅎ 특히 영화 중간에 농인 아버지 시점에서 소리를 아예 백색처리 하는 연출에서 너무 놀랬고 좋았어요,1
보이스,8,보이스피싱의 내막에 대해서 잘 표현 하였네요. 거기에 포커스를 많이 맞춘 듯 합니다. 중점을 그곳에 많이 뒀기에 다른 점들은 아쉬움이 남네요. 기무열 연기 좋았습니다.ㅎㅎ,1
비바리움,2,뭔 이딴 개 ㅂㅅ 같은 영화가 있냐 ㅋㅋ액션 스릴러 공포 호러 느낀점 아무것도 없음왜 만들었는지조차 의문임ㅋㅋ이런 쓰레기를 왜 만드노,0
싱크홀,1,옛날 CG.... 오버연기... 억지스러운 전개.. 너무 어이가 없어서 쓰는 내 인생 첫 감상평..,0
미이라 3: 황제의 무덤,1,명작 시리즈에 중국을 첨가하니 쓰레기가 됨,0
26년,10,하 이걸 보고도 1점을 주는 사람들은 도대체 뭐죠?이 영화는 택시운전사처럼 전 국민이 반드시 보아야 할 영화입니다. 역사는 깊히 새겨야 합니다.,1
기적,10,너무 슬프고 스토리를 굉장히 잘 짜신것 같습니다ㅠ 그리고 모든 배우분들의 연기가 훌륭하셨지만 이수경 배우님 연기가 특히 인상적이었어요! 조용조용하게 말씀하시는게 오히려 더 슬펐던 것 같아요.중간중간에 코미디 요소가 있어서 좋았지만 슬픈 부분은 또 엄청나게 슬퍼서 영화 보는 내내 울다 왔습니다ㅠ방금 보고 왔는데 한 번 더 보고 싶네요!,1
기적,10,"너무 울어서 슬픈데도 기분이 좋습니다,",1
에놀라 홈즈,10,재미있게 잘 봤습니다!,1
샹치와 텐 링즈의 전설,10,"액션씬이 레전드 너무 멋있었음! 추가로 bgm이 합쳐지니 그 장면이 머릿속에서 떠나가지 않을 정도... 액션씬이 이 영화를 대표한다고 생각함. 이 액션씬을 영화관에서 다시 보고 싶어 재예매 하는 사람이 있다면 바로 나..등장인물들도 매력적이고, '텐 링즈'도 매력적임",1
빽 투 더 퓨쳐 3,10,철학적인 교훈과 함께 멋지게 마무리되는 작품~!!,1
싱크홀,10,다른 평점은 낮지만 저에겐 아주 스릴러있고 감동있는 영화였습니다. 차승원과 김성균 그리고 이광수까지 연출과 연기력도 모두 대단했습니다. 저에게 최고의 영화였습니다.,1
82년생 김지영,1,괴벨스가 이 영화를 본다면 박수를 칠 것이다.,0
여고괴담 여섯번째 이야기 : 모교,1,뭐 과거와 현재 좀 왔다갔다 어지럽긴 해도 뭐 볼만 하다고 생각하다가 갑자기 개 뜬금 없는 장면이 나와 어이가 없었다 왜? 대체 왜? 라는 생각 밖에..,0
빽 투 더 퓨쳐 2,10,"과거 전설의 트릴로지가 스타워즈,인디아나존스 그리고 백투더퓨처였다. 요즘은 반지의 제왕,매트릭스 그리고 백투더퓨처다. 과거에 볼때도 재미있고 지금봐도 재밌는 최고의 시리즈.",1
고질라 VS. 콩,1,내 인생 최악의 킹콩과 고질라를 만났다..완전 개판이다.,0
침입자,1,김무열 연기 잘하는줄 알았는데...;;;,0
델타 보이즈,10,이전에  습도다소높음을 보고난후 델타보이즈라는 영화도 추천을  받아 보게되었는데  습도다소높음에서 나왔던 출연진들이   여기에서도 다 나오네요  또 다른  캐릭터들이라 새롭기도하지만  역시나 웃김ㅋㅋ 굉장한 스케일의  영화는 아니지만  여기 배우들이 출연했던 영화들은  상당히 독특한 장점이있습니다   보고나면 다시 또 보게되는 강한 여운이 남겨지게 하는 그런게 있네요  아마도  영화의 전형적인 이미지가 아니라 아주아주 사실적인 ㅋㅋㅋ  영화를보는 사람들은  재밌어서 웃지만  영화속출연배우들은 너무나 진지해서,1
아임 유어 맨,8,강아지보단 로봇이 나을 것 같다는 생각도 드네요 상처받기 싫어하고 예민한 사회에 인간다움이란 무엇일까,1
싱크홀,8,재미있고 심플하다이건 재난영화라기보다. 재난코메디가 맞다.영화장르 모르고 갔다가 혼자 화나지말고.답답한 시기에 웃으면서 재밌게 본 영화. 이건 인터스텔라도 해운대도 아니야. 그냥 차승원이랑 김성균 이광수 배우덕에 재밌는 영화.,1
기적,10,오랜만에 영화를 봤는데 재밌기도 하고 중간중간에 슬픈 부분이 있었어 감동적 이었습니다,1
퍼시픽 림: 업라이징,2,그냥 영구없다~~수준,0
낙원의 밤,10,저는 개인적으로 신세계 보다 더 잼있었어요,1
싱크홀,1,한국인은 영화 시나리오 쓰는 사람들 수준이 원래 이래요? 수십 년째 발전이 없냐 ㅋㅋ,0
키싱 부스 3,1,대한민국 정상감성이라면 보지마세요 개빡침,0
파이프라인,2,OOO기 영화두번다신 영화만들지마라흔해빠진 한국클리세 다 집어넣고 장난치냐,0
사도,10,아버지와 아들의 갈등은 어디서부터 시작된것일까 ~ 송강호와 유아인의 연기는 대한민국탑입니다 ~ ^^,1
아이스 로드,1,진짜 암걸리는 영화리암리슨이 이딴영화에 출연하다니말년에 노후대비해서 찍었나보다,0
인생은 아름다워,9,벚꽃은 절정일때 진다...로베르토 베니니도 그러함...,1
기적,10,탄탄한 스토리 라인 믿을맨들의 연기력 그리고 정말 너무 몰입해서 봤습니다 코로나시국을 뚫고 관람이 안아까울만큼 좋은 영화 였습니다!!박정민 임윤아 이성민 워낙 좋은연기 너무 좋았는데. 이번에 이수경 이라는 참매력적이고 좋은연기 보여주셔서 새롭게 알게되어 기쁘네요,1
싱크홀,1,아 진짜 아무리 영화사업이 코로나로 안된다해도 이건 너무하잖아;;,0
슈퍼문,1,똥을 좋아해도 참아줄수 있는 캐릭터는 닥터 슬럼프 여 주인공 아라레뿐이다,0
기적,9,아버지의 따뜻한 마음을 알 수 있었고 조금 아쉬운 사투리...ㅎ 좋았어요 오랜만에 눈물 줄줄,1
보이스,9,김무열씨의 악역 대박이에요ㅎ보이스피싱에 대해 더 주의해야겠습니다!,1
메기,1,평점조절위원회...좋은 영화일수록 거품을 빼야한다...영화는 카푸치노가 아니며 캬라멜 마끼아토가 아니니까...앞날이 기대되는 신인 감독의 등장임,0
캔디맨,10,엥 별점 왤캐낮음 괜찮은데?이 영화가 꼬우면 백인임,1
길버트 그레이프,8,그당시 레오가 누군지도 모르고 봤는데 난 진짜 지적장애인을 데려와  연기시킨건지 알았다. 나중에 아니란걸 알았을때 난 ....충격먹었었다....,1
기생충,10,작품성 이런거 다 제쳐놓고 봐도 그냥 영화적인 재미가 한가득인 영화 한치앞을 예상할수 없고 그 안에 가족모험물 드라마 로맨스 코미디 서스펜스 스릴러 액션 모든게 다 들어가있다. 영화 한편으로 최대치의 재미를 선사하는 작품,1
조작된 도시,10,스토리를 재밌게 만들었네요. 일부 무리가 있어 보이지만 전잔적으로 블록버스터 느낌이 나고 통쾌하게 보았습니다.,1
아메리칸 뷰티,10,"<로드 투 퍼디션>, <레볼루셔너리 로드>, <007 스카이폴>, <1917> 다 좋지만 개인적으로 아직까진 샘 맨데스의 최고작은 <아메리칸 뷰티>인 듯..",1
극장판 짱구는 못말려: 격돌! 낙서왕국과 얼추 네 명의 용사들,3,역대급 억지감동 극장판,0
모가디슈,10,구교환 연기 짱 구교환 얼굴 짱 구교환 그냥 짱,1
러브레터,10,최애영화중하나 언제든볼때마다 묵직한 여운,1
모가디슈,10,잼나요. 연기파 배우들의 연기도 볼만했구요!,1
"극장판 포켓몬스터: 정글의 아이, 코코",8,6살남자아이가 처음으로 만화로눈물흘림스토리는 너무유명한영화랑 비슷해서 그저그랫음,1
말리그넌트,2,음... 쓸데없는 bgm이 많고... 기대를 안하고 봤는데도 재미없었음... 무섭지도 놀래지도 않고... 졸면서 봄. 긴장도 안됐음. 엄청 오래된 b급 공포 영화 보는 느낌..,0
토이 스토리 4,10,내인생 최고의 애니메이션시리즈 1234 하나의작품도 버릴께없다,1
보이스,10,계속 긴장하고봤어요.. 재밋네요. 연기도 좋고.. 현실세계서도 나쁜색히들 다 잡았으면 좋겠음,1
싱크홀,2,너무 개연성이 없다.싱크홀이라는 주재는 좋지만 사고 이후 전개가 너무 억지스럽다. 영상으로 보여지는 사고 현장의 리얼리티도 너무 저급하고 억지스러운 설정 또한 관람의 흥을 떨어뜨린다.,0
샹치와 텐 링즈의 전설,9,재밌음.. 다소 유아적 발상의 영화..,1
싱크홀,1,음....보는 도중에 그냥 껐습니다...초등학생이 써도 이보다 잼있게 시나리오 쓸거같아요....뭐하자는 거에요?? 진짜 재미너무 없구요 시간아깝고....휴....이걸 지금 영화라고 만든거에요??,0
개: dog eat dog,1,돈 주고 다운로드 했음 돈 아까울뻔다행히 유튜브에 있음 재미 졸라없음,0
보이스,10,재밌고 변요한 최고멋있네,1
해변의 에트랑제,10,진짜 감정 표현 너무 잘됐고 작화 너무 좋고 애들 너무 예쁨 진짜 완전 좋아 완전 오져,1
랑종,1,일단 초중반 스토리진행은 지루함도 있고 살짝 이해가 안되는 부분도 있지만 그래도 사건의 원흉에 대한 흐름은 챙겨가고 있지만 어디에서 이 흐름의 변화 그리고 증가시키며 마무리를 짓는 연출과 스토리는 80년~90년 태국 공포영화 수준으로 퇴보하듯 변해버림 현재 넷플릭스에 완성도 높은 공포영화를 보고있는 관객들에게 왜 낡고 낡은 태국공포를 비싼 돈주고 보라고 하는지 의문이 들며 최신영화이지만 티켓 값이 15000원이라는게 더욱 공포스럽고 태국 로케이션 촬영에 파운드푸티지로 등장인물도 적고 그 나라 물가도 그렇게 비싸지도 않는데 제작비가 무슨 수십억씩이나 들인 대작영화와 같은 소비자가격(?) 아직도 티켓파워로 장사놀이 하고 있는 한국영화계가 공포영화보다도 충격적이고 공포스러움,0
레베카,10,한 번도 등장하지 않는 '레베카'의 강렬한 존재감,1
캔디맨,1,기존 캔디맨시리즈를 죽임,0
빽 투 더 퓨쳐,10,상상력이 진짜 말도 안됨,1
크루엘라,10,꼭 보세요 인생영화입니다,1
싱크홀,10,ㅈㄴ재밋고만 ㅋㅋㅋㅋ 케미 OO다,1
소리도 없이,1,이 땅에 다신 이런 영화가 상영되어선 안된다,0
아이덴티티,9,많고 많은 다중인격 스릴러 중 가장 재밌다,1
맨 인 더 다크 2,10,매우 재밌음. 정말로 ^^,1
퍼시픽 림: 업라이징,2,퉤!OO떼놈 냄새 진동해서 못 보겠네미쳐 가는구만,0
샹치와 텐 링즈의 전설,10,마블광팬으로써 진짜재밌었음 샹치사랑해... 마블 팬이면 꼭 봐라,1
배틀로얄,10,ost가 정말 적절히 사용된 훌륭한 작품…,1
상의원,8,조선이란 집단에서 너무 뛰어나 튀는 사람은 성공할수 없다. 이건 지금까지 내려와 한국에서만 교육받은 사람중 세계적인 예술가가 나오지 않는 이유이기도 하다,1
캔디맨,8,어렸을 때 봤던 캔디맨과는 느낌은 너무 다르지만 그래도 나름대로 현대적 해석으로 재밌게 봤네요,1
조제,10,뛰어난 연기에 매료 되었습니다,1
노팅 힐,10,감독님 별세 소식을 들었습니다.좋은 영화가 세상에 나올 수 있게 해주셔서 감사해요.천국에서 행복하시기를.,1
싱크홀,2,상황이 심각한데   그냥 매번 코믹 너무가벼워서  긴박하고  살아야하는데  이런몰입이 안됨   무대만들고 놀이하는 느낌ㅜㅜ  돈아까워요...,0
말리그넌트,10,보면서도 충분히 전부 유추가 가능한 스토리지만 그렇기 때문에 잘 만들었다고 생각 무엇을 의도하고 만들었는지 노골적으로 보여줘서 떡밥 회수 잘함 라이트 아웃 영화가 떠오름 조명 연출 끝내줌 스릴 추리 좋아하는 사람에겐 적합할듯 공포라기 보단 미드소마류로 잔혹하긴 함,1
컨택트,2,핵노잼!여자혼자 놀라고 분석하고 회상하고 또 놀라는,0
자산어보,10,최근 본 영화중 가장 인상깊습니다.영상도 너무 멋지고 이야기도 너무 재밌고 배우들 연기도 짱짱하네요.,1
보이스,1,하... 글쎄.. 평점 보고 보긴했는데.. 스토리가 너무 억지로 흘러 가는건 아닌지 모르겠네요;;,0
쇼미더고스트,10,사람들이 보는 자기만의 스타일이 있듯이 영화도 있는 듯해요 평점도 본인이 봤던 그대로 평가하다 보니깐 이 영화를 안본 사람은 재미 없을 것 같다는 판단하게 되고.. 저는 재밌게 봤어요 한승연 이랑 김현목 캐미가 너무 좋더라구요 재밌고 보면서 웃으면서 봤어요 다른 분들은 어떤 장르를 선호 하는지 모르겠지만 이런 장르가 저는 좋은거 같아요 ㅎㅎ 집에서 할 거 없을때 보면 웃으면서 볼 것 같아요,1
기적,10,감동 눈물 ㅠㅠ넘잘봣오요,1
샹치와 텐 링즈의 전설,10,진짜 인생 영화 여태 본 영화중에 최고 ??,1
캔디맨,3,지난 주에 개봉한 말리그넌트보다 100배는 재미없더라 진짜감독이 전하고자 하는 의미도 잘 모르겠고 도대체 뭘 그려낸건지 영화를 보면서 갸우뚱할 정도로 썩창인 영화인종차별의 메세지를 전하고자 했던걸까? 아니면 직업에 귀천이 없다라는걸 보여주고 싶었던걸까?? 영화내내 백인탓이라는 BLM 메세지 때문에 불쾌하기만 한 영화 갠적으로 10점만점에 3점도 아까운 개쓰21레1기,0
기적,8,뻔한 신파극에 연기력으로 커버한 영화.좀더 즐겁게 영화를 만들어주길화려한 영상미. 과거의 추억을 기대했으나 찌질한 신파극으로 승부할려는 감독은 시대정신을 한없이 거슬러 뒤돌아 갔다,1
아수라,10,너무 잔인해서 무서웠는데 이게 현실일수도 있어서 더 무섭다,1
검객,8,액션신이ㅋ 역시 장혁…근데 내용은 그닥 잘 모르겠…싸우는 신이 너무 나와,1
노인을 위한 나라는 없다,9,"네가 선택한 돈가방이다, 악으로 깡으로 버텨라",1
리치 인 러브,10,생각보다 재미있네요 브라질영화만의 영상미나 ost가신나고 좋네요,1
프리즈너스,8,"생각보다 섬세한데, 초반의 느린 전개가 나에게는 조금 지루하게 느껴져서 한 번에 못봤다… 그래서 그럼 섬세함을 느끼지 못해 너무 아쉽다",1
더 이퀄라이저 2,10,예상했던 반전이었지만 깔끔하게 전개되고 통쾌하게 끝납니다,1
싱크홀,10,기대안하고 봤는데 아주 재미있었어요,1
기적,10,반전이 꽤 앞부분에 나왔는데 반전이 나왔음에도 반전인 줄 몰랐음…의심하고 갔는데 감동적이었던 영화!! 2위인 게 너무 아쉬운데 완전 추천합니다ㅇ,1
아수라,10,2021 재평가 되어야할 실화.. 그저 찢....,1
택시운전사,10,영화가 끝나는데 울분이 터져서 참기 어렵다,1
기적,10,너무 재미있었어요ㅠㅠㅠ,1
보이스,7,킬링타임이네요 그냥저냥 특별한 소스는 없습니다 보이스피싱을 소재로 한 건 신선했어요!,1
샹치와 텐 링즈의 전설,2,"마블 이름 붙인 유치한 중국 무협물임 - 태극권 무적이고, 유치한 CG 용나왔을때 빵터짐!~ 코로나시대에 웃을일 없는데 많이 웃었습니다!~",0
싱크홀,1,이게 재밌다면 진심으로 지능수준 의심해봐야함,0
기적,10,"너무나도 명작입니다.웃고. 울고의 반복.심리자극을 너무 잘 되도록 연출 해주셨네요.근데 있잖아요. 1번만 울리지 몇번이나 울게 하십니까.손수건도 못챙겼는데.!!!ㅋㅋ어느 1장면이나 에이 저건 아니지. 이런 시선도 안보이면서, 모두다 빼놓을수 없는 장면들이라서 두눈 부릅뜨고 봐야 할 정도네요.^^.ps.윤아씨는 가수이신데 경상도 사투리도 잘 구사 하셨는게 놀라운 점이였습니다.모든 배우분들 경상도사투리 연습을 얼마나 힘들게 하셨을까. 많은 노력들 하셨네.라고 느껴질 정도네요.잘 봤습니다.또 다시 보더라도 감동적인건 여전할 것 같습니다.",1
스타워즈 에피소드 5 - 제국의 역습,10,완-벽,1
보이스,8,코로나. 이후 극장 한번도 못 가다가 오늘 드뎌 영화봤는데. 변요한 연기 너무 잘하고 볼수록 매력있는 배우네요 잼있게 봤어요,1
인 타임,2,이보다 엉성할 수 없다. 고딩이 만들었나,0
싱크홀,1,또또 신파.. 억지감동 짜낼려니.신파는 빠지질 않네..한국영화의 고질병,0
블러드 레드 스카이,8,슬프다.. 모성애는 본능도 이기는..,1
캔디맨,10,영상을 보는 재미가 커요. 세련됐습니다.,1
악마는 사라지지 않는다,8,굉장히 특이하고 여러가지 관점에서 바라볼 수 있는 다양성을 가지고 있는 영화.,1
내일의 기억,8,아니 이거 생각보다 재밌는데?! 님덜 이거 꽤 볼만함,1
기적,10,아버지와 아들 누나와 동생 레트로감성 뮤즈,1
인시디어스 3,3,진짜 이렇게 만들면 감독은 제작자 에게 안 미안한가??귀신의 집수준도 안되는 영화.,0
후궁 : 제왕의 첩,10,모든분의 연기가 잘 조합된 영화네요이제 본게 안타까워요,1
모가디슈,10,ㅜㅜ 그냥 아무생각 말고 보세요,1
모가디슈,8,그 당시 이태리 공사관 앞에서 백기를 흔들었는데 문이 안열리자 급박한 상황에서 태극기를 꺼내 흔들었고 그 모습을 보고 북측도 뛰쳐나와 함께 태극기를 흔들있다고 들었는데 그건 영화에 안 담겨 있어서 많이 아쉬웠습니다 그래도 지루함없이 재밌게 봤습니다,1
모가디슈,10,심장 쫄리고 감동 적이예요. 아프간 미라클 작전이 어땠을지 간접 체험해 보는 것 같은 느낌이예요.,1
"극장판 포켓몬스터: 정글의 아이, 코코",7,어릴때 포켓몬스터 피카츄의 여름방학보던 아이들이 20대후반~30대가 되었습니다어른들 유치하다고 생각되지않는 연령에 성우말투 부탁드려요,1
타짜: 원 아이드 잭,2,복붙 영화 시간 버렸네요,0
샹치와 텐 링즈의 전설,8,딴거보다 cg가 너무 좋네요 굿굿,1
다만 악에서 구하소서,7,"액션촬영기법이 마음에 들었다. 기존의 한국영화 액션과 다르게 과하지않은 역동적 카메라모션이 매우 좋았다. 다만, 스토리 자체는 일반 액션영화와 다를바 없던 부분이 아쉬울 따름.",1
모가디슈,10,진짜 개오짐 진짜로...,1
바람의 검심 최종장: 더 비기닝,10,사토 타케루는 켄신에 특화된 배우이다.이번 영화는 몸에 전율이 일어났다,1
기적,10,"제2의 고향인 (부모님 고향)봉화는 어릴적 나의 추억이 너무나도 많은곳.강원도에서 봉화,영주에있는 친가,외가를 오가며 영화속에서 나오는 기차길을 참 많이도 다녔는데 ㅠㅠ보경이와 윤아의 연기력이 돋보였던 영화입니다 이미 박정민과 이성민의 연기력은 명불허전이고!!",1
싱크홀,1,스토리고 뭐고 떠나서  연기력. 뭔가 어색함이 흠씬,0
기적,9,"생각지도 못한 반전이 있어서 더 흥미로웠고, 그로인한 기적으로 마음이 따뜻했다. 윤아 연기가 참 매력적이라고 느꼈다.",1
인질,10,이거재밌었음으갸갸갸갸,1
보이스,8,볼만합니다.  김무열 잘 어울리네요..,1
아수라,10,이건 재명이에 관한 얘기를 안듣고서는 나올수 없는 창작물이지.,1
도굴,8,시나리오가 뛰어나네..부동산 아줌마와 조선족 양아치는 눈여겨 봤더니 제작자의 입김인지 오징어 게임에서 주요 인물로 나오는군,1
캔디맨,10,음. 짭쪼름했습니다..,1
모가디슈,8,괜찮았습니다 이런 슬픈 이야기가 있었다니 ..,1
쇼미더고스트,7,한승연 닮은 사람이네 했더니 한승연이었음 너무 색안경만 끼고 보지 않으면 나름 즐길수 있는 영화  귀신보다 무서운 사람이야기,1
기적,8,연기잘하고 볼만했네여 설레는 장면도 있고 마지막에 끝나는장면 심쿵 ㅋㅋ,1
보이스,1,너무 재미없고 현실성이 떨어지네요,0
싱크홀,10,좋았습니다좋았습니다,1
보이스,8,경각심도 주고 위험하다는걸 깨우쳐 줘서 좋았습니다 생각보다 많이 잔인하고 폭력성이 심한것은 좀 아쉬웠어요 볼만햇네요,1
싱크홀,1,진짜 옆사람이 자는거 안깨웠으면 다음날까지 잘뻔했다몇 안되는 영화 수면제였다,0
아쿠아맨,1,"이게 재밌음? 주인공은 왜 왕 안한댔다가 한댔다가 마음 손바닥 뒤집듯 하는지부터가 이해안됨. 마음이 바뀔만한 충분한 설명이 있었던것도 아니고 그냥 엄마 만나고 그 마음이 그렇게 쉽게 바뀜? 진짜 감정선 도저히 이해 안되고, 처음 해적 걔를 메인 빌런처럼 쓸것처럼 했다가 허무하게 리타이어 시키는것도 어이없고, 삼지창 찾으러가서 뭐 보여줄것처럼 하더니 괴물이랑 몇마디 나누고 끝인것도 허무하고 마지막 대전투에선 주인공보다 괴물이 더 스포트라이트 받은것도 이상하고... 진짜 스토리라인 개연성 구멍 숭숭 뚫린 졸작인데 어떻게 흥행이 됐는지 이해가 안되네. 또 ""육지와 바다를 통합하는"" 왕이 될거라고 초반부터 내내 강조해놓고 결국 육지는 나오지도 않는데다가 옴 편 드는 인간들은 왜 옴한테 충성하는지도 서사가 전혀 없음. 특히 세번째 나라였나? 옴이 쳐들어간 나라에서 바로 왕 죽이고 공주한테 자기 말 들으라고 하는데... 아니 공주가 아무리 약해도 그렇지, 자기 아빠 죽인인간한테 바로 충성하는게 이해가 됨? 바로 1분전에 지 아빠 죽인놈한테 충성을함? 또 옴네 군대가 엄청 강한것처럼 그럴싸하게 포장해놨는데 너무 허접이고요? 물론 그보다 더 허접은 주인공인건 말할것도 없고... 아니 무슨 주인공이 짱이다, 주인공이 짱 세다, 진정한 왕이다 어쩌구 저쩌구 말은 잔뜩 해놓고 실질적으로 주인공이 강하단걸 보여주질 않잖음. 괴물이랑도 제대로 안 싸우고 옴이랑 싸운것도 그게 제대로 강한 능력을 보여준것 처럼 보이지도 않음. 지금 당장 생각나는거 대충 열거만해도 이렇게 흠잡을데가 많은데 이 영화가 흥행한게 진심 이해가 안됨. cg가 예쁘고 엠버허드가 예뻐서 그나마 1점이라도 받을 수 있는거임. 진짜 영화관에서 봤으면 찐으로 후회했을듯.",0
싱크홀,2,"아... 이걸 못거름..소재는 좋았는데, 중반부 이후부터 너무 뻔하거나 억지스런 전개",0
완벽한 타인,9,추천! 재밌어요. 다만 인셉션을 안본 사람은 결말을 보고 이게뭐지 싶음. 인셉션에세 토템의 의미를 알아야만 이해되는 결말,1
더 이퀄라이저 2,10,덴젤 워싱턴 진짜 연기 잘한다 나이들어서도 멋있다 눈빛ㅜㅜ,1
다세포 소녀,2,이거 평론가 평 잘못 매칭된거 아니야 진짜...?ㄹㅇ 합리적 의심인데 진짜 어떻게 이런 평이 나오ㄴㅑㅋㅋ,0
창극 패왕별희,10,ㄹㅇ재미있어요!!!,1
보이스,10,정말 시간 가는줄 몰랐다변요한 멋짐!!!,1
버즈 오브 프레이(할리 퀸의 황홀한 해방),10,재밌다 내 코드 딱 맞음 바라쿠다~,1
기적,7,추석에 잘어울리고 배우들연기가 영화집중에 좋았습니다.,1
버즈 오브 프레이(할리 퀸의 황홀한 해방),1,이거 재밌다는 사람들 수어사이드스쿼드만 보고살아온거임,0
승리호,8,어찌보면 스토리 표절한건지도.... 기동전사 건담 - 역습의 샤아 1988 + 가디언즈 오브 갤럭시 2014,1
감쪽같은 그녀,10,모든 연기자들의 연기가 자연스럽고 좋았습니다.,1
모가디슈,10,후회하지 않을 선택. 꼭 영화관에 가서 보셈,1
습도 다소 높음,10,일단 감독이 고봉수면 10점박고 시작한다.,1
쇼미더고스트,2,학예회 작품인가? 왜 이런걸...,0
소스 코드,9,소재가  큰몫했다.첨 나왔을때보고 놀랬던 영화인데..넷플에 떳길래 10년만에 다시봤는데 지금나와도 손색없을듯..그땐 제이크만알고있었는데 지금보니 여주 둘다 유명하신분들이네요.,1
레고 닌자고 무비,10,"아이들을 위한 연출, 함께 웃을 수 있는 연출",1
유주얼 서스펙트,10,반전 영화의 한 획을 그은 작품,1
와일드 씽,7,"반전의 반전의 반전의 반전. 가볍게 즐기기 딱 좋은 러닝 타임, 연출, 완성도.",1
가디언즈,10,완전 짱입니다 꼭 보세요,1
우리 손자 베스트,1,뭔 내용이냐 이거 존네 중구난방이네,0
아수라,10,재평가가 시급하다ㅋㅋㅋㅋ,1
아수라,10,재평가가 시급하다ㅋㅋㅋㅋ,1
샹치와 텐 링즈의 전설,7,마블치고 중간중간 지루했음..그리고 용의 힘이니 뭐니... 경극 가면쓰고 닌자처럼 다니는 건 또 뭐고... 재미는 있었음 영화 분위기가 차분하고 진중해서 그런지 코믹한 요소가 적어도 빵빵 터짐,1
"광해, 왕이 된 남자",10,내 꿈은 내가 꾸겠소이다.,1
모가디슈,10,"오늘 영화 보고 왔는데 스토리, 연출, 연기 넘 좋았어요~ 스릴 넘쳤어요~",1
이터널 선샤인,10,3번 봤음 그냥 한번은 아무 생각 없이한번은 남자 주인공 생각에  한번은 여자 주인공 생각에 스포는 안하겠음진짜 꼭 보세요,1
젠틀맨,10,"기본적으로 영화 자체가 재밌지만, 하나 빠지지않는 구성들, 그리고 굉장히 패셔니한 영화 ㅋ 같은옷 찾으려 검색해봤지만, 자체제작이었음.. 진짜 자세쩌는 인생영화.",1
정글 크루즈,7,유치하지만 재밌다. 킬링타임 굳,1
봄날은 간다,10,할머니의 한마디 아니었으면 유지태는 끝까지 호구 잡힐 뻔..,1
너는 내 운명,1,잘 만들었지만 들여다본 실제는 사실왜곡을 사실로 알리고 있어서 안타까움. 언론 피해자 관점을 외면한게 감동을 말아먹은 주된 이유라고밖에,0
홍금보의 채리불권,1,diff 평점알바련 엠터졌노,0
인셉션,10,영화관에서 못 본 게 한이다.. 근데 너무 어려워서 잘 이해는 못하겠음,1
쇼미더고스트,3,어떻게 이런 시나리오에 한승연 왜 출연한거냐 개실망 진심 여기저기서 어설프게 스토리 섞어서 왜 찍냐,0
아수라,10,다큐멘타리 잘봣습니다감독님이 찢으셧네요,1
극장판 짱구는 못말려: 격돌! 낙서왕국과 얼추 네 명의 용사들,10,짱구가 짱구했다 감동 너무 재밌어,1
보이스,8,지루할 틈 없었지만 뭔가 2프로 부족.. 일단 확실한건 보이스피싱의 경각심이 높아짐변요한 연기도 미쳤고,1
애비규환,9,모~두 의 차기작을 기대,1
아수라,10,다큐같은 리얼리티 100%의 영화를 5년전에 만드신 감독님 존경합니다. 경이로운 소문이 펙트였다는 사실!!!,1
더 길티,9,화장실-센터-방 딱 세공간 그리고 음성이 만들어내는 긴장감 굳~~,1
낙원의 밤,10,차승원연기진짜 심각한데 왜케웃기징ㅋㅋㅋ 스토리도 괜찮코 다들 연기를 잘해서 재밌게봤어요,1
맨 온 파이어,10,본 영화중 최고의 영화입니다,1
랑종,1,그다지 어렵지도 무섭지도 않다후반부로 갈수록 더욱이 재미도 없다리뷰 잘안남기는데 마케팅을 엿같이 해서 리뷰남긴다,0
"광해, 왕이 된 남자",8,"특정 배우에 대한 거부감은 있지만, 작품으로서의 영화는 멋진 스토리와 빼어난 연출 위에 좋은 연기들이 펼쳐진 수작이라는 생각이 든다. 개수작과 수작 사이에서.",1
기적,10,진짜 슬프고 감동적이고 재밌어요! 중간중간 스토리때문에 울긴 했는데 중간중간 너무 재밌어서 영화관 사람들 다 웃었어욬ㅋㅋ,1
킹스맨 : 시크릿 에이전트,8,"15.03.21.품격 있는 체하던 B급 액션.조금만 더 과했더라면 정말 좋았을 테지만, 그러지 못했기에 아쉽다.",1
모가디슈,10,정말 오랜만에 재밌게 본 영화,1
프리 가이,10,소재 독특하고 너무 재밌게 봤어요 또 보고 싶어요,1
극장판 마이 리틀 포니: 새로운 희망,8,반짝반짝 빛이 나는 다리를 놓아다오,1
기적,10,"제 첫 인생영화 ,, 믿고 보는 배우 박정민 ??",1
파리 폴리,10,아주 일상적이면서도 드라마틱함,1
변검,10,오래됐지만 감동이 있는 작품이네요~,1
화피,10,저우쉰 요망한 계집 ㅋ 실제로도 주위 남자들 다 홀리겠네. 와... 저런 여자가 눈앞에서 요사 떠는데 안넘어갈 남자가 있을까? 눈웃음만 슬쩍 흘려줘도 넘어갈듯 ㅋ 마지막에 요괴모습 드러냈는데 요괴모습인게 더 이뻐. 와... 끝까지 사람 홀리네. 저우쉰한테 푹 빠졌다. 진짜 요녀다.. ㅎ,1
라디오 스타,10,진짜 우리나라에서 나보다 이영화 많이본 사람 없을듯 볼때마다 재밌음,1
"광해, 왕이 된 남자",10,"로맨틱 성공적,, 연기는진짜 깔래야 깔수가 없네.. 매번봐도 쵝오 연출 각본 연기 삼박자 다그냥 최고",1
용서는 없다,2,초반 부검신 그렇게 적나라하게 보여줄 필요가 있었을까싶음,0
기적,10,"수험생의 암흑같던 현실속에서 잠깐 탈출하게 해준 행복하고, 감동적이고, 인간미가 돋보인 작품. 특히 남매의 찡한 스토리와 부자간의 얽힌 이야기가 가슴을 아리네요... 백마디 말보다 보러가서 웃고 우는게 나은 명작입니다. ㅠㅠㅠ 보고 오는 길 휴대폰을 멀리하고 잠시 감상에 젖어있었던건 안비밀입니다~~",1
싱크홀,1,"쓰레기 , 돈 아까워, 이걸 영화라고 만드셨나요?",0
백두산,1,배우가 아깝다..배우가 아까워.. 이거본다고 날린 내 시간도 아까워.. ㅠ ㅠ,0
샹치와 텐 링즈의 전설,2,음 비디오가 고장나 쾌청 돌려 화질 깨끗해진 중국산 디워?,0
고스트 쉽,10,중1때 첨나와서 볼땐 그저 무서웠는데 지금보니까 재밌음. 개연성도 좋고 스토리도 나쁘지않음,1
종착역,10,기생충보다 영화적 완성도가 더 뛰어나네요! 이런 영화가 한국 극장가에 우뚝 섰으면...!!,1
쇼미더고스트,10,한승연 보는 재미만으로도 재밌어요ㅎㅎ 너무 귀여워요ㅎㅎ,1
기적,7,"봉화 지역의 사투리 특성상, 기존에 매체를 통해 자주 듣던 경상도 사투리와는 다른 결임을 인지하고 들어가는 것이 좋을 듯. 근데 무엇보다 임윤아 배우의 사투리 억양이 진짜 자연스러워서 놀랐다. 연습 엄청 했겠구나 싶었다.",1
기적,10,박정민이랑윤아랑케미가돋보여서웃음포인트 재밌었어요 ^^사투리따라하게된대로 ㅋ해보래~~ 아니래~~  누나랑 남매애가 좋았어요 ㅎ ㅎㅎ 따뜻한 이야기를 지루하지않고 잘 연출하시고 출연진 모두  진짜 웃고..울고..^^ 실화를 모티한 내용이라 더 감동적입니다,1
보이스,10,보이스피싱 무섭다. 예방이 답이다,1
보이스,8,변요한님 연기 변신 대박!! 김무열님도 짱,1
기적,1,잔잔히 잠 자기 좋은 영화,0
아수라,10,뭐이런 막장이 있어 했었는데….지독히 현실적인 작품이네요추천합니다.,1
서치,8,오랜동안 치밀하게 준비했을거같은 영화.  세심하게 연출된 설정들 그리고 의미.  간만에 참 몰입되어 본영화.,1
1408,10,정말 재미있게 봤어요.스토리며 연기력이며 추천합니다,1
베리드,10,이 안에서도 끔찍한데 저 밖은 퍽이나,1
기적,10,"정말 감동 그자체.. 중반부부터 눈물샘이 터짐.. ㅜㅜ 배우도 울고 나도 울고 박정민, 이성민 , 이수경, 임윤아 배우님 정말 연기 넘 잘하시고 다 믿보배에요 ㅜㅜ 꼭 보셨으면 해요 !!ㅜㅜ  심지어 재밌기도 합니다ㅏ ^!^",1
콜리니 케이스,10,"소름끼치도록 감동적인 영화다한스마이어의 이중성..에 소름끼치고,그 기억을 안고 살아야했던 주인공의 고통이 전해져..잊혀지지 않는 뛰어난 영화..나치, 전쟁의 비극을 독일에서 만든 영화라서 더욱 의미있다",1
기적,10,와  진짜 레트로를 제대로 느낄 수있고 특히 그시대의 향수와 라희 준경의 연기케미 이섬민배우 전형적인 경상도 아버지와 준경과 누나의 케미등 뭔가 마음을 울리는 가을이랑 어울리는 힐링영화였다,1
컨택트,10,아이를 가지기 전 처음 보고 그냥저냥 재밌었단 기억 정도만 가지고있다가 두 아이를 가진 지금 다시 봤는데 정말 너무나도 아름답고 슬픈이야기라는걸 이번에 이해했다. SF 스릴러 영화로도 정말 재밌지만 루이스의 드라마가 이 영화의 진짜 백미가 아닌가 싶다. 꼭 다시 보고싶은 영화 1순위에 등극.,1
자산어보,10,영화적인 모든 면에서 훌륭한 영화,1
보이스,8,방금 보고 나왔어요 울 요환님 괜찮으신 거죠? 어찌나 실제 같은지 몸 다치신데는 괜찮아요? 보는 네네 가슴이 터지는줄 알았어요 영화가 다 끝나고 자막이 올라가서 그제서야 좀 한시름 놓았네요 코로나 아니였음 더 많은 관객이 왔을텐데 아쉽네요 영화 잘 봤습니다,1
라이더스 오브 저스티스,10,덴마크 병맛감성 나름 괜찮았음,1
하트 오브 더 씨,8,자연의 거대함 앞에 무너지는 인간의 욕망,1
걸캅스,1,할말이없다 ㅋㅋㅋ 평점보고 ㅋㅋ 솔직해지자 좀,0
"색, 계",10,몇번을 봐도 재밌네요탕웨이 눈빛연기 훌륭 합니다,1
기적,10,준경보경 경남매 찰떡.. 마음 따뜻해지는 좋은 영화.,1
나비 효과,10,입벌리고 영화를 본적이 없었던것 같습니다. 꼭 보세요.,1
보이스,8,"김무열에서 ""와"" 하고 박명훈에서 ""이수근?! 응?!"" 돈 앞에 무너진 1억 빛진 놈이 ""71번 여기있다!!"" ""돈""이란 단어가 참 무섭다.",1
보이스,9,보이스피싱놈들 다 박멸되길,1
오케이 마담,10,너무 재밌어요!! 2시간 동안 뭐 해야하지..싶었는데 영화보니 순삭!!!,1
은하,10,이정진씨 연기 너무 인상깊었습니다. 절제된 감정 표현도 좋았고 목소리 너무나 멋있으세요. 몰입하게 만드는 힘이 있으시네요. 다음 작품도 기대하겠습니다.,1
신세계,10,한국형 느와르의 정점 이걸 넘을 작품이 나오긴 할까,1
아-하: 테이크 온 미,10,감동 그 자체...10대를 함께 보낸 뮤지션,1
보이스,10,익숙하지만 그래서 더욱 실감나는 스토리! 연기,1
이웃집 토토로,9,영상미랑 그 창의성이 더 좋은 것 같아요. 토토로 캐릭터 저였다면 절대 못 만들었어요,1
영화의 거리,10,"그들에게 장소는 영화였다가, 그대였다가, 그때인가보다.영화계에 종사하는 두 남녀의 이야기를 담담하게 풀었다. 저예산 영화지만 현업 종사자들이 공감할만한 웃음 포인트가 곳곳에 존재하여 지루하지 않다. 특히 한선화 배우의 사투리 연기는 지금까지 본 사투리 연기중에 가장 자연스러웠고 거부감이 없었다. 자극적이지 않았지만 억지스럽지 않아서 좋았다.",1
보이스,2,신파극 + 유치 + 뻔한 스토리보이스피싱 예방 광고,0
샹치와 텐 링즈의 전설,8,양조위가 다했다,1
인질,10,황정민이 연기하는 배우 황정민은 최고 출연 배우들 모두 연기력이 엄청나서 몰입도 최고였음,1
코다,10,"프랑스 영화 미라클벨리에를 미국화법으로 풀어논 영화. 잔잔하고 싶은 감동은 프랑스, 직설적이고 쉬운 것은 미국. 취향껏 골라 보는 것을 추천함. 둘 다 좋음",1
크루엘라,10,인생 영화 원래 한번 본 영화 절대 다시 안보는데 유일하게 2번봄,1
아수라,10,키야- 대단한 영화였구만그땐 몰랐지.. 으아-,1
리얼 스틸,10,이거보고 내가 울  줄 몰랐다. 감동의 영화ㅠ,1
인질,2,도데체 왜 찍은지 모르겠는 영화,0
보이스,10,러닝타임 2시간이 어떻게 지나가는 줄 몰랐네요 여튼 곽프로 10세ㄱㄱㅣ,1
모가디슈,7,그냥 그랬음..스탭들 고생 정말 많이 했겠다란 생각이 들었음..,1
사월의 끝,10,이게 독립영화일줄이야 명작이네.,1
캔디맨,1,진짜 개노잼임....,0
기적,10,재밌고 감동적이에여! 너무 뻔하지 않은 스토리라 그리고 뻔한 스토리라 공감가고 재밌네용!,1
"광해, 왕이 된 남자",10,감동 그 자체!! 눈을 뜨고 귀를 열고 진정 백성을 위한 왕의 모습에 감동받았습니다. 연기력 또한 일품이구요~,1
기적,1,댓글앏바세끼들 배우진 몇몇빼고  아이돌나오는영화는그닥 비츄  그리고 누가나오는지도중요한거같음  이영화  별로인듯 싶네요,0
기적,10,"진짜 볼거없어 별로 안내켜 추석담날 애랑 신랑이랑 기대 일도 안하고 봤다가넘넘 재밌게 보고 왔어요~%연기,스토리.연출 다 좋았구 간만에 눈물,콧물 쏙 빼고 왔네요...배우들 연기 특히 (누나역) 짱 !온식구들 다 볼수있는 간만에 잔잔한  잘만든 맛있는 영화 즐감했슴다!",1
모가디슈,10,잘 봤습니다^^ 기대안하고 봤는데 좋았어요~,1
보이스,10,이런나쁜일이 없어지면 좋겠다 제발...보는내내 속상함ㅠㅠ부모님 모시고 꼭 보고싶어요영화는 진짜 재밌음 변요한 와이리 잘생겼누ㅠㅠ,1
미스터 쉐프,10,볼만한 영화인듯요~^^,1
데스 센텐스,8,간결한 복수 영화. 원래 이런 영화는 그냥 뭐 복수하면 끝이다.,1
마터스: 천국을 보는 눈,9,아무생각 없이 보면 그냥 고어한 영화인데 감독 의도를 이해하니 고어한게 좀 희석되면서 새로운 느낌으로 받아들여진 영화!안나는 마음만 먹으면 자살할수 있었지만(쇠사슬로 목을 감던지) 그들한테 할수있는 최선으로 복수를 한듯,1
싱크홀,3,"학교에서 봤는데 선생님 이 눈을 찌푸릴 정도로 비과학적임.또 개그,연출 전부 부족함",0
너의 이름은.,10,풍부한 영상미와 OST두 사람의 스토리 또한 감동적이었다. 여운이 정말 많이 남는 영화,1
닥터,1,이게 무슨영화라고 아 짜증나..미친..,0
"나, 다니엘 블레이크",10,"타인의 이야기가 아닌, 내 아버지의 모습이 보이고, 미래의 내가 겪을 수도 있는 세상 일의 막막함 일 수도 있고.. 생각이 많아지는 인생영화",1
기적,10,그냥 너무 좋았다. 마음이 따뜻해지네,1
보이스,10,재밌습니다. 시간가는줄 모르게 봤네요. 강추합니다. 연기도 모두 잘하네요.,1
샹치와 텐 링즈의 전설,10,양자경 양조위  멋지다! 이걸 마블이 만들면 이런느낌이나네 유머코드도 여전하고 정말 잘만듦,1
샹치와 텐 링즈의 전설,10,무협영화와 마블의 조화가 쵝오오랜만에 영화재밌게 잘봤어요,1
크루엘라,10,월트디즈니의 최고의 영화,1
밀양,10,연기가 다 했다 정말 좋은 영화다,1
형,10,"감동적이고, 너무 연기 잘해서 신기할정도.내용은 이미 결말이 뻔히 나와있지만, 연기때맹 눈물 또르르...",1
프로페서 앤 매드맨,3,210810[3]그렇게 감흥있는 이야기는 아니었음,0
엑스맨: 아포칼립스,9,꿀잼 실망시키지않는엑스맨,1
싱크홀,10,평점을 하대한 평론가들때문에 이 글을 남기기로 했다.이 영화의 품격있는 메세지를 볼 수 있었다면 절대로 그런 평을 내릴 수 없었으리라. 훗! 영화보고 아이디어와 힘을 얻고 갑니다.감사합니다. 싱크홀!,1
모가디슈,10,최근 보기 드문 수작이에요김윤석 배우님과 허준호님 연기 정말 휼륭해요조인성씨도 배역 잘 어울리고모두 주연급인데 캐릭터가 잘 어울어져있어요개인적으로 허준호 배우님 연기에 보는내내 빠져들었습니다..연륜이 느껴짐...   1000만 갔으면 좋겠어요,1
피막,8,ㅋㅋㅋㅋ 태국식 연출에 태국식 유머코드에 태국식 천만 영화 공부 하는 느낌으로 ㅎㅎㅎ 나쁘지 않았음 하여튼 간에 태국판 네 얼간이는 진짜 ㅋㅋㅋㅋ 봐도 봐도 재밌네 요놈들 ㅋㅋㅋ  반종영화라 더 주고 갑니다 ㅋㅋㅋ 스토리는 뻔하고 진부하지만 감봉이 오고 훈훈함 ㅎㅎㅎ,1
기적,10,오랜만에 보는 가슴이 따듯해지는 영화임 스토리도 재밌고 감동적이고 뭐보지 하고 왔으면 그냥 이거 보면 만족할거에여..넘재밋누..,1
기적,7,개인적으로 윤아 역할 비중이 애매했음. 로맨스 비중을 늘릴거면 늘리고 조연으로 할거면 확 분량을 줄이던지.. 이것저것 짬뽕해놓은 한 사람의 일대기같아요. 윤아 포함 모든 배우들 연기는 좋았습니다.,1
보스 베이비 2,9,나름 감동적이였어요. 최대 반전은 짐보랑 스테이시가 결혼한거..보스베이비 1은 형제였다면 2는 자매+소원해진 형제의 이야기같아요. 재밌었습니다. 추천해요.,1
랑종,10,설명필요없음: 나릴야 군몽콘켓,1
보이스,9,생각보다 재미있었어요. 배우들 연기에 몰입해서 봄~!,1
말리그넌트,8,"“킬빌” 시리즈, “드래그 미 투 헬” 같은 영화를 떠올리게 하는, 무섭다기보다는 깔깔대고 웃고 기상천외의 활극 보며 신나라하게 되는 영화!!!",1
자산어보,10,"눈을 떼지 못했다. 연출, 연기, 스토리, 흑백만이 나오는 영상미 모두 100점을 주고 싶다.",1
작은 아씨들,10,원작에서도 표현한 네 자매 각각의 개성을 영화로 표현해냈고 인터뷰에서 플로렌스 퓨가 출연진이 어벤져스급이라고 언급한것처럼 대배우부터 여러 히트작을 걸쳐 인지도를 탄탄대로 쌓아온 젊은 배우들까지... 심지어 그 배우들이 역할에 제대로 몰입한게 보여서 보는 내내 연기하는 배우들을 보는게 아니라 그냥 그 역할로 보게 되는 매력을 선사한거같아 이 영화를 통해 희노애락을 제대로 느꼈습니다. 물론 기본적인 뼈대는 원작에 충실했지만 원작에서도 보기 힘든 오리지널 스토리마저도 마치 원작에서 있던 일처럼 세세하게 표현한 것 또한 플러스 요소가 된거같아서 보는내내 사랑스러운 감정과 가슴아프지만 감명깊게 보는 안목을 가지고 감상을 제대로 한거같습니다. 그리고 그 시대의 힘든 상황 속에서도 서로 으쌰으쌰하는 네 자매를 보자마자 동기부여가 제대로 되었습니다. '작은 아씨들'은 원작 소설 및 어린이 동화로 유명하지만 영화 버젼도 누구나 즐길 수 있으며 때론 감동의 눈물을 흘릴거라는 생각이 듭니다.,1
모가디슈,10,많은 것을 생각하게 해준 영화,1
채피,1,휴잭맨 섭외하는데 돈을 다 써버려서 각본을 이렇게 쓴듯;;,0
샹치와 텐 링즈의 전설,9,"아 여러모로 즐겼다! 양조위의 그윽한 눈빛에... 어느 순간 사랑에 돌아버린 그이가 어떻게 빌런이냐며, 그를 응원하는 나를 발견. 햇살캐 시무리우 + 아콰피나 그냥 너무 좋고. 이건 연기자보러가는 영화임. 좀 더 맨손격투기신을 더 많이 넣어줬다면 진짜 더 좋았을텐데 하는 아쉬움. 버스신의 액션이 극중에 제일 좋았다. 진법랍 너무너무 예뻐서...나라도 이 사랑에 돌아버리겠다 싶었다.",1
기적,10,영화 보는 도중 시계 안본게 정말 오랜만이네요.,1
싱크홀,2,어색하고 어색하다 어색하게 끝,0
크루엘라,10,올해 내가 본 영화 중 최고의 영화다.,1
기적,2,기대를 하지 않고 보았지만. 그냥 그랬다. 할인받아서 다행이다,0
82년생 김지영,1,"영화 자체의 완성도가 문제가 아니라, 이 영화 자체로 사회적 분란을 가중시킨다고 판단 됨.",0
모가디슈,10,믿고 보는 류승완 감독과 김윤석. 조인성 허준호. 박진감이 대단하며 리얼리티 또한 생생.한국 영화 대단합니다,1
습도 다소 높음,1,튼튼이의 모험은 그래도 봐줄만은 했는데 고봉수 감독님 대체 왜 그러십니까 ... 단편선 보다도 못한 느낌이었습니다. GV 이후 장면들은 쪽대본처럼 정말 되는대로 대충 막 찍으신 것처럼 느껴졌어요.. ㅜ,0
빽 투 더 퓨쳐 3,10,백투더퓨처는 뭐든지 재미난다,1
아수라,10,와...소름입니다...,1
로건,10,장엄하게 끝난다.아직 안보신분들이 부러움,1
트루먼 쇼,10,코미디 연기속 모습에 과소 평가된 천재 배우 짐 캐리...,1
와인을 딸 시간,10,와인을 공부하는 중이라 재밌게 봤어요.,1
라디오 스타,10,다른거 다 제쳐두고..내 옆에도 안성기 배우님 같은 사람이 있을까..그리고 나는 누군가에게 그런 사람이 될 수 있을까..어쩌면 내 옆에 있을 수도 이미 내가 그런사람안 수도 있겠지만 볼때마다 한결같이 따뜻한 사람이 되어야겠다는 마음이 생기게하는 오래 된 화목난로 같은 영화..,1
기적,10,시간순삭이예요!! 기대하고 본 만큼 재밌었습니다!  가족애도 있고 청춘도 있고 앞으로 나아가는 장면들이 보기 좋았습니다.  진짜 드라마로 나와도 정말 좋을정도!,1
배틀로얄 : 매드랜드,2,일본인이 영화관에 독을 풀었다,0
보이스,10,은근 박진감 넘치는 스토리와 배우들의 탄탄한 연기력 덕에 재밌게 봤어요!! 변요한 김무열 연기 좋네요. 보이스피싱 범죄에 대한 경각심을 높여줄 수 있는 영화인 것 같다는 점에서 많이들 보시면 좋을 것 같아용~,1
기적,10,기차길 만드는 게 전부가 아닌 영화. 기적의 가족영화입니다.,1
샹치와 텐 링즈의 전설,1,30대 중후반 회사원 아저씨가 마블영웅이라고 연기하는거 보니 처참했습니다.. 서양인들은 같은 인종이 아니니 어찌저찌 몰입되겠지만 저는 고역이었습니다. 그렇다고 마블을 이제와서 포기할 수는 없고 이것도 페이즈의 일부이니 꼭 봐야했지만 참 별로.. 그나마 양조위는 멋있습니다,0
극장판 귀멸의 칼날: 무한열차편,10,그냥보세요 제발 ㅠㅠㅠㅠ,1
캣우먼,8,팽본 여기서 주연이였어?,1
열여섯의 봄,9,국제관계 이슈와 중화권 문화에 대해 관심이 있는 사람이라면 재밌게 볼 수 있습니다. 영상미도 좋고 스토리 및 내용이 훌륭합니다.,1
미드나이트,1,경찰 하..,0
보이스,8,스토리가 조금 아쉬웠지만 보이스피싱이 이렇게나 무섭다는 걸 잘 보여준 영화였습니다. 부모님 모시고 꼭 보세요,1
82년생 김지영,1,억지에 상황 짜집기.,0
자산어보,9,10점 ㅎㅎ 잘 봤습니다.,1
말리그넌트,10,빛과 어둠을 가장 잘 활용하는 감독이 제임스 완이지 않을까 싶다. 긴장감 최고,1
얼굴없는 보스,1,"최악이다. 연출,촬영,음악,편집,...그저 연기자들에게 수치심만 안겨준다.",0
이미테이션 게임,10,출연진 라인업도 좋지만베네딕트의 연기력 캐릭터를 표현함의 디테일이 엄청남,1
이퀼리브리엄,2,유치뽕짝 ㄹㅇ 할 말을 잃음. 요즘 애들도 이런거 유치해서 안 본다.,0
말리그넌트,1,제임스완의 졸작탄생ㅋ,0
보이스,10,조심또조심 해야 겠어요. 많은분들이 보셨으면 좋겠습니다~~,1
샹치와 텐 링즈의 전설,2,마블 정신 안차릴래?이게 지금 중국 B급 영화지..마블에 나왔던 인물들만 내보내면 마블 영화냐? CG는 어쩔?중국영화 그리 싫어하지는 않는데..정말 기대가 너무 컸나보다.걍 중국영화 한 편 봤다.,0
아수라,10,재개봉 하면 천만은 가뿐할듯,1
기적,10,"손수건 필수~감성, 감동의 쓰나미~~",1
소스 코드,9,제이크 질렌할은 최고다스토리가 아주 작은 허술한 부분이 보일지라도 작은 점이라 크게 중요치 않다. 그저 꽉  맺히고 깔끔하게 영화가 끝난 점이 매우 만족스럽다,1
도어락,7,현실적인 공포로 긴장감을 잘 살렸으나 예측 가능한 스토리,1
인질,10,이건 황정민을위한영화다 류경수님 이태원클라쓰 딴판 현실에서 연예인이 일어날수있는 납치 사건 제일놀라운건 이영화 실화라는것!!!,1
나의 흑역사 로맨티카,10,보고 이탈리아 가고싶었음 ㅠㅜ 사랑스럽고 귀여운 로코,1
라이더스 오브 저스티스,8,뻔하지 않아서 좋다.막 이상하게 뒤틀린다.결말은 잘 모르겠다.이들도 범죄자인듯.,1
감시자들,8,Open Your Third Eye,1
보이스,8,보이스 피싱 관련 영화로 뭔가 내용이 뻔하면서도 실제로 이런식으로 일어난다는 생각을 하니 소름돋고 나름 흥미진진하게 잘 봤습니다.,1
나의 흑역사 로맨티카,10,여주인공 넘 귀여웠음 ㅠㅠ 선선해지는 날 보기 딱 좋은 영화,1
너의 결혼식,7,인물들간의 감정선을 난도질하듯이 편집해버리고 줄거리만 보이게끔 생략했다.차라리 고등학교 시절만 보여주더라도 그들만의 감정선을 좀 더 보여줄 수있게끔 했으면 어땠을까 하는 아쉬움이 크게 남는다.되도 않는 개그장면을 넣었던거 패착인 것 같다.그러면서도 남녀 주인공의 마지막 헤어질 때 감정선만은 감동이 전해졌다.전체적으로 난잡한 편집이 만든 아쉬움이 남는 작품이었다.한가지 장점을 꼽자면 영상미가 훌륭했다.감독은 영화 ‘광식이 동생 광태’ 의 영향을 조금 받았던 것으로 보인다.,1
나의 흑역사 로맨티카,10,주인공이 너무 사랑스러워ㅠㅠ 귀여운 로코!,1
이제 그만 끝낼까 해,10,지독하게 외로운 사람이 한번쯤 해봤을 상상. 그 상상의 끝과 동시에 경험하지 못해본 감정을 상상하는 것의 한계.,1
무간도 3 - 종극무간,9,무간도3는 진양인에 대한 추모이야기. 진혜림이 진짜 이쁘네. 이쁘게 나오네. 잘만들었다. 1이랑2에서 충분히 느와르 봤으면 3에서는 좀 추모해줘도 괜찮잖아?,1
나의 흑역사 로맨티카,10,진짜 이런 감성의 로코 기다렸다구요! 너무 좋네,1
싱크홀,1,연기가 오바스럽고 오글거린다...웃길려고 애쓰는게 안쓰럽고 눈쌀찌푸려짐..에휴,0
기적,10,너무 재밌어요 웃음도 눈물도 다 갖춘 영화연기력도 너무  좋았고 신선한 스토리도 너무 좋았어요추천합니다,1
샹치와 텐 링즈의 전설,8,마블의 세계관에 동양서사를 잘 녹임. 액션신도 와호장룡 올드보이 생각남. 굳이 중국 얘기라고 열폭할 필요 없음. 우리가 더 잘났잖아.,1
보이스,10,저는 보면서 가슴이 아팠습니다.. 피해자분들 마음이 어떨까요ㅠㅠ 검사 사칭 전화구 오면 일단 끊고 법원으로 전화해서 확인해야한다고 알고있었는데 영화를 보고나니 이 마저도ㅠㅠ 소용없는 방법이었네요...ㅠㅠ 마지막 대사가 기억에 남네요 수상한 전화는 받지말고..돈 얘기하면 바로 끊고 여러분의 잘못이 아닙니다. 그놈들이 악랄한겁니다...,1
부산행,10,생각이 많아지는 영화입니다.,1
라이언 일병 구하기,8,"나는 라이언이 누군지도 모르고, 그가 왜 집으로 돌아가야하는지도 모른다. 그러나 봐라 이영화.",1
캐스트 어웨이,9,"Good Movie, Cowboy.",1
너의 췌장을 먹고 싶어,10,진짜 슬프네요 제 최애영화 됐습니다 꼭 한번 보세요,1
나의 흑역사 로맨티카,10,극장 나와서도 귓가에 마르타 목소리가 계속 들리는 것 같음ㅋㅋㅋ 요 근래 본 로코 중 가장 사랑스러웠고 주변에도 홍보중..,1
시카고,10,답답한 현실이지만 영화만큼은 통쾌하다,1
캐롤,7,봐줘요 제발...,1
박하사탕,9,치밀하게 구성된 플롯 속 설경구의 연기가 가슴을 후빈다. 남의 과거를 추적해나가는 것만으로도 내 인생을 반추하게 만드는 거울 같은 영화,1
알리타: 배틀 엔젤,10,2편 주세요 제발... 간절하다... 여태 기다리고 있어요... 알리타가 노바 목 자르기 전까지 못 잊을 것 같음..,1
기적,10,내 인생영화 찾았습니다 여러분..꼭보세요..,1
보이스,10,"뻔할 줄 알았는데 스토리가 엄청 탄탄하고 텐션이 그때그때 아주 적절해서 재밌게 봤어요. 배우들 연기도 너무 좋고,, 무엇보다 ㅠ-ㅠ 꼭 알아야되는 이야기라 부모님들이 꼭 보셔야할 것 같아요.",1
나이브스 아웃,10,기억하세요 당신만의 방식으로 승리한겁니다. 장난감 칼에 출렁이던 그녀의 가슴이 모든 걸 설명한다 윤리 교과서 맨 앞페이지에 실릴만한 작품.,1
나이브스 아웃,10,아주아주 재미있습니다,1
보이스,10,주변에 소문을 많이 내서 많은 사람이 봐야할 듯...,1
캔디맨,1,와 레게놉니다. 보다가 사람들이 어디론가 자꾸 나가던데 화장실가나했는데 그냥 집간거였더라.. 1초라도 먼저 나간사람이 진짜 승자다..,0
나이브스 아웃,10,스토리가 촘촘하고 탄탄하다,1
맨 인 더 다크 2,7,1편 보다는 아니었지만 킬링타임으로는 굳,1
기적,10,유쾌하고 감동적인 온기있는 이야기가 기적이 되어 울리는 영화,1
기적,10,"감동과 재미와 행복, 슬픈 마음까지 드는 영화는 오랜만인것같습니다. 코로나로 인해 많은사람들이 극장을 찾지못해 아쉽지만 언젠가 많은 사람들이 국내영화 중 꼭 봐야하는 영화로 '기적'을 떠올렸으면 좋겠습니다. 또한 영화로써 저희 고향을 볼수있어서 너무 좋았어요. 영화에 나오는 거리들, 비슷한 학교모습 전부 다 시골고향이 생각나서 너무 그립기도 했습니다. 영화를 위해 애써주신 많은 배우분들,스탭분들,감독님,작가님 너무 감사합니다 용기와 힘을 얻어갑니다. 영화 '기적' 많관부!!!^_^",1
딥 임팩트,10,"와, 영화 정말 최고네요",1
랑종,8,여주 이쁘고 연기 넘잘해서 집중하고 봣어요,1
해리 포터와 마법사의 돌,10,시작부터 맘에드는 해리 포터 첫번째 시리즈,1
"로봇, 소리",10,"우연히  보게 됐는데,로봇이 귀여워서 웃다가,엄청 울다가..ㅠ.ㅠ재밌게 봤어요",1
자산어보,10,이준익 감독. 오랜만에 명작을 만드셨네요ㅋ 참 훌륭합니다ㅎㅎ,1
캔디맨,8,영상미가 진짜 뛰어나요,1
수색역,7,가난과 열등감과 분노조절장애와 술버릇이 앗아간 네 친구의 우정을 뛰어난 연기력으로 보여줬다. 선미는 정말 너무 이쁘다,1
기적,10,남편이랑 간만에 영화봤는데 여운이 남는 영화였어요~ 박정민 팬인데~ 더팬됬네요><,1
기적,10,중간부터 쉴틈을 안주고 계속 눈물 짜내기 있나요?ㅜㅜ,1
너의 이름은.,10,좋은 감성. 그리고 최고의 ost,1
습도 다소 높음,8,난 굉장히 몰입되게 봤는데.. 평점 1점씩 주신분들 뭔뜻인지는 알겠는데.. 이불편한 과정속에 짜여진 연기들이 잼있었음 망작은 절대아니라고 생각합니다,1
싱크홀,10,5점 이하는 뭐냐.. 최소 7점이다. 개연성이고 뭐고 재밌으면 된거 아니냐? 재미있다. 엑시트 하위호환 쯤은 된다.,1
2012,10,지구의 종말을 상상한 영화. 공포감도 있었지만 재미있는 영화. 기억에 남고 재미있는 장면은 < 운줜- 스타트 -> 벤틀리 ㅎ >,1
로마의 휴일,1,"... 이건 동명영화에 대한, 아니 영화 자체에대한 모독...",0
기적,10,웃기고 슬프고 다 잘하는 영화,1
기적,10,웃기고 슬프고 다 잘하는 영화,1
기적,10,여러분 눈물 닦을 휴지 챙겨서 꼭 보세요,1
기적,10,넘 따뜻한 가족애를 느낄수 있는 영화였어요아이들 데리고 다시 한 번 보러갑니다,1
기적,10,진짜...영화관 잘 안가는데 평점보고 갔더니...진짜 다 10점인 이유가 있다....강추!!!,1
샹치와 텐 링즈의 전설,8,"어제 봤는데 우선 액션이 매우 훌륭합니다초반 맨몸액션부터 시작해서 지형지물 액션.무기를 활용한 액션, 종반 특수효과를 극대화한괴물들이 난무하는 그것까지도 괜찮았어요(액션만 놓고보면 윈터솔저 상위호완)하지만 짜임새가 허술하고 마블 답지않게주인공 캐릭터가 너무 납작하고 몰개성. .양조위는 개연성 없는 캐릭터인데도 압도적인연기력으로 영화를 한다계 올려줌. .(눈빛연기. .크. .)가족과 부담없이보기 좋습니다북미 흥행이 이유가 있었네요",1
기적,10,"오랜만에 눈시울이 붉어졌습니다. 진한 아버지의 속마음....좋은, 추천할만합니다.",1
불한당: 나쁜 놈들의 세상,10,임시완:OOO!!!! 너무하지 않냐????!!!!,1
아수라,10,놀라운 예지력의 감독님이 VOD 수입으로 이 명작의 값어치를 더욱 더 보상 받으실 수 있도록 열심히 다시보기 중,1
나폴라,9,저 아이들도 피해자였던것,1
보이스,10,너무나도잼있었습니다^^,1
나의 사촌 비니,8,나홀로 집에 도둑아저씨 ㅋㅋㅋ 신분상승하여 변호사가 되다?? 어떻게 무표정하게 아무것도 안하고 있어도 웃기냐!? 그냥 웃긴 사람 ㅋㅋㅋㅋ 그의 약혼녀는 김완선 생각남 암튼 레트로 코미디의 정수!!,1
보이스,9,연기잘하고 재미있게 봤어요보이스피싱 극혐,1
그것: 두 번째 이야기,7,의식의 흐름대로 마구 뽑아낸 미친 상상력큐브릭 감독의 작품 오마쥬에 온갖 잡동사니 짬뽕물애들용 호러영화!,1
걸캅스,1,이딴 영화 평점높아서 1점줌,0
모가디슈,10,굿 재밋습니다!!! 볼만함,1
올드,10,신선한 스토리!우주 다차원 세계에서 봤을때는 지구에서 일어나는 일이 이와 같겠죠지구에서의 시간은 소중합니다,1
기적,10,배우분들이 연기를 너무 잘해주셔서 몰입 하면서 볼수 있었고 예상하지 못했던 반전 때문에 더 기억에 남을 영화인 것 같아요.,1
서치,10,헐 재밌다… 창작은 끝이 없구나,1
싱크홀,2,실제 싱크홀을 겪어보진 못했지만 소방드론은 괜찮은데 헬기 레펠은 생각을 못하는건지..헬기 레펠은 없나요? 깊어서 그런가..길이가 안되서 그런가...한계가 있나요?(진짜 궁금해서 그래요;;),0
더 레슬러,9,미키 루크의 인생이 담긴 영화. 씁쓸하면서 잔잔한 감동이 있다. 본 것이 후회되지 않는 영화다.,1
기적,10,말이필요있을까요?너무좋네요,1
사도,10,보는 내내 울었던 거같아요,1
졸업반,10,일이삼사오육칠팔구십,1
기쿠지로의 여름,8,일상 속 즐거움은 멀리있는 게 아니다,1
기적,8,볼만했어요나름 반전도 있었고 메세지도 좋았고.윤아씨 연기는 갈수록 좋아지네요..ㅎㅎ추천날립니다.,1
나의 흑역사 로맨티카,10,처음에는 뻔하다고 생각했는데 어느새 따라서 웃고 울고 있었다... 너무 사랑스러워!!!,1
기적,10,사실 예고편만 봤을 땐 엄청 보고 싶은 생각 없었는데 박정민 나오니까 그냥 보기로 하고 봤는데 세상에... 진짜진짜 짱ㅠㅠ 연출 이런 거 1도 모르는데도 보면서 연출 오진다고 생각했고 뎡 연기는 뭐 말할 것도 없구 재미랑 감동을 다 잡았다는 말은 딱 여기에 어울리는 거 같음 영화 추천 잘 안 하는데 너무 잘 만들어서.. 꼭 봤으면 좋겠고 바로 내 인생 영화 돼버림,1
캔디맨,7,스토리를 이해하기가 힘들었지만 스릴러극의 몰입도는 좋았다.,1
샹치와 텐 링즈의 전설,10,쑤샤링 멋있어요.ㅜㅜ,1
클레멘타인,10,대통령님의 간곡한 남북평화호소에 북한이 전달한 비밀메시지를 공개합니다.. <클레멘타인의 판권을 우리에게 넘기면 비핵화하겠소>남쪽의 응답<제2의 한국전쟁을 하더라도 그럴순 없소. 아빠!일어나!는 대한민국의 영혼이요!>,1
해리 포터와 죽음의 성물 - 2부,10,정주행 완료 스네이프 때문에 여운이 많이 남는 ㅠㅠ,1
굴뚝마을의 푸펠,10,색감 스토리 메세지 OST 전부 최고 여운을 가지고 엔딩크레딧 끝까지본게 얼마만인지…..어른을 위한 동화,1
싱크홀,10,너무 감동인게 봤어요 너무 재미있어서 3번을 봤어요눈물도 나오고 개봉 대박나세요.싱크홀 대박^^♥ 차승원 너무 멋있어요 ^^애기가 죽은게 좀 맘에 걸리네요 살아쓰면 좋아쓸걸 ^^너무나 잘 봤어요^^♥,1
랑종,2,실화처럼 전개되어서 진지하게 보다가 점점 가짜라는 느낌이 들면서 재미가 없어졌다. 실화처럼 전개하지 말지..,0
담보,7,가족만 그리면 완벽했을지도,1
샹치와 텐 링즈의 전설,7,"신림롯시] 전작 마블과 비슷한 레퍼토리다. 뜬금없이 거대한 힘을 얻고, 악을 만나 싸워 이기고, 자기 성장을 하고, 다만 차이점이 배경이 중국인 거다. 감동적인 스토리나 그런 건 전혀 없지만 볼거리는 많았다. 용 CG가 인상적이었다. 남녀 주인공이 일반적이고 친근한 느낌인 것도 색달랐다. 양조위 연기와 분위기도 역시 훌륭했다. 다만 마블 패거리가 너무 늘어나 헷갈리고 그 대단하고 특별한 힘도 식상해지는 느낌은 어쩔 수 없다. 마블 영화는 뭔가 쳇바퀴 도는 영화를 보는 느낌이다.",1
주키퍼스 와이프,8,나찌의 만행은 끝없이 회자되는구나.,1
로빈의 소원,7,굿바이 로빈. 내면이 단단한 사람이 되고싶다,1
샹치와 텐 링즈의 전설,7,"마블이라 역시 영상미는 좋아요, 스토리가 좀 개연성이 떨어져서 보는데 의아하긴 했는데, 킬링타임으론 좋습니다",1
레미니센스,8,자신이 보았던 과거가 가장 정확한 것이다,1
샹치와 텐 링즈의 전설,2,It would be trash without Tony.,0
보이스,10,조마조마해서 흥미롭게봤어요. 주인공혼자 천하무적인게 좀 말도 안되긴하지만  영화니까 뭐 이해할께요. 간만에 좋은영화봤습니다 주연조연 모두 연기 잘해서 몰입이 잘되요 추천합니다,1
스타워즈 에피소드 3 - 시스의 복수,10,베이더 노오오오오! 할때 내가 고자라니 짤 섞으면 웃김,1
이터널 선샤인,7,"일단 이름값을 할지가 궁금했다. 굉장히 기대하고 본 영화들 대다수가 기대에 못 미쳤었는데 이건 그렇게 감동적이거나 슬프거나 하진 않았고 눈물도 안났지만 확실히 짐캐리가 다했다. 뭔가 그냥 짐캐리의 표정에서 느껴지는 편안함때문에 힐링되는 느낌을 받았다. 그리고 스토리는 좀 이해안되는 부분이 많았고.. 내가 세상에서 제일 사랑한다고 해도 과언이 아닌 그 사람과의 이별이 너무 힘들었는데, 사실 그 사람이랑은 정말 천생연분처럼 잘 맞았지만 서서히 멀어졌고 그렇게 이별을 했었다. 그동안 죽는 것 처럼 살아갔다. 그래서 죽도록 잊고싶기도 했다 너무 힘들어서. 그래도 기억을 지우고싶단 생각은 안했다. 그 사람은 나에게 평생 잊지못할 즐거운 추억을 줬으니. 그리고 개인적으로 여배우는 다른사람을 썼었다면 좋을듯 짐캐리랑 안어울리네",1
어우동,7,조선왕조 최강의 여인을 재조명.. 이후 나이트클럽과 룸살롱에 각종 아이디어를 제공하기도..,1
바쿠라우,9,"물이 아닌 피로 서서히 끓어오르는, 흘러넘치는 장르의 힘.",1
보이스,1,1억 빚진애가 변요한 스토커임,0
모가디슈,10,말해 뭐 해 당장 보러 가세요 ㅠㅠ,1
아수라,10,"예전부터 실화를 바탕으로 한 영화라고 소문이 돌았던거 이제야 봤습니다. 몰라봐서 죄송합니다 ㅎㅎ 난 때릴수로 강해져 시젼하는 안남시장 박성배가 벌이는 짜고치는 고스톱 소장동 개발 둘러싸고 조폭에 마약에 조선족 청부살인 쓰레기들까지 설치는 말 그대로 아수라판 ㅋㅋ 성남시 아니고 안남시, 대장동 아니고 소장동 ㅎㅎ 그 승리 버닝썬도 생각나고 이게 영화가 아니 다큐 현실일 수 있다는 섬뜩한 느낌이 듬. 결말까지 아수라여서 좀 단점. 검사쪽이 이겼어야 했는데 다 죽는다는 좀 이해가 안되는 결말이여서 아쉬웠음. 잔인하고 쌍욕 투성이라 어른들만 보기를 권장. 중요한건 이게 진짜 현실이 안되게 해야 함",1
미나리,2,왜... 상을 받은지 모르겠어요거의 수면제 느낌...,0
기적,1,"진짜 억지 감동,,, 너무 재미가 없다,중간에 나갈 뻔했는데 윤아 어째 됐는지 궁금해서 앉아있었음",0
샹치와 텐 링즈의 전설,8,"액션 진짜 좋았습니다. 그 나라 때문에 평점 낮은것 같은데, 그거 빼면 8점은 족히 되는 영화라 생각듭니다.",1
극장판 마이 리틀 포니: 새로운 희망,10,"어른들이 봐도 재밌어요 OST 퀄리티도 좋아서 딸아이가 하루종일 흥얼거립니다. 이번에 포니시리즈가 한 건했네요, 딸 가진 맘들 꼭 델고 가세요! 강추^^",1
해리 포터와 혼혈 왕자,10,평점이 왜이러지…… 재미있습니다!,1
말리그넌트,10,"감독 하고 싶은거 다 넣은 듯 해요. ㅋ아직 안 보신분 들은 예고편, 감상 후기, 유튜브등 그 어떤 것도보시지 말고 보시기 바랍니다. 이 영화는 사전 지식이 백지에 가까울 수록 재미있어 집니다 ㅋ 전 정말 재밌게 봤습니다. 일부로 예고편도 안보고 간게 신의 한수인듯.",1
샹치와 텐 링즈의 전설,10,이거 보기전에 기대를 아예 안하고 보면 진짜 재밌게 봅니다 ㅋㅋㅋ 저는 평점도 너무 안좋고 친구도 재미없게 봤다길래 걱정했는데 거의 처음부터 뭐야 재밌네..? 하면서 봤네요!,1
싱크홀,2,"재난 영화에 걸맞게 긴박감이나, 진지함을 위주로 하되, 코믹 케릭 한명 정도 중간중간 환기를 해줘야 할 거 같은데, 이건 뭐 재난 영화도 아니고 코믹 영화도 아니고 이도저도 아닌!",0
아수라,10,재평가 들어가야지,1
"극장판 포켓몬스터: 정글의 아이, 코코",10,숙면을 취할 생각으로 갔다가 아들손 꼭 붙잡고 두번 찔끔 했음..,1
사라진 밤,10,반전이 소름이었어요~bb,1
기적,10,진짜 펑펑 울었고 너무 재미있는데 왜 이렇게 평점이 낮은지 모르겠어요 ?♂?,1
기적,10,재미도 있고 슬프고 감동도 있는 영화 꼭 추천합니다. 스토리도 좋아요,1
이탈리안 잡,8,비슷한 듯 다르게. 1969년 원작의 영리한 차용.,1
싱크홀,10,가볍게 보니까 좋던데 개웃김,1
어벤져스: 엔드게임,10,I 헥헥 AM...헥헥... 아이언맨....탁!,1
어벤져스: 엔드게임,10,I 헥헥 AM...헥헥... 아이언맨....탁!,1
어벤져스: 엔드게임,10,I 헥헥 AM...헥헥... 아이언맨....탁!,1
해리 포터와 마법사의 돌,10,ㅠㅠ ㄹㅇ 개 명작임 시바,1
보이스,10,짱께는 인류의 악이니  5호 16국으로 나누어야 한다 진핑,1
"극장판 포켓몬스터: 정글의 아이, 코코",10,아들 데리고 가벼운 마음으로 갔다가포켓몬스터보고 울고 있는 내 자신을 보았다,1
걸캅스,1,성 갈등조장 ㄹㅇ 최악영화,0
아수라,10,영화가 아니라 다큐였네요,1
돌멩이,10,김대명 연기  진짜~잘 하는것 같아요,1
섬. 사라진 사람들,9,실제사건이라니무섭~,1
기적,9,"어느것 하나 놓치지 않은 영화라 생각됩니다 누군가에겐 가볍게 보기 좋은 영화, 누군가에겐 최고의 여운을 주는 영화가 될 것입니다. 평점 안쓰는데 저에겐 큰 울림이 있는 영화였습니다. 만들어주셔서 감사합니다.",1
기적,10,박정민 연기 최고입니다.,1
미션 파서블,1,이 영화도 개봉시점에 알바들 많이 동원했었나 보네 평점이 높은거 보니. 영화채널 나와 봤는데 난 진짜 수준 떨어져서 못 보겠던데. 아무리 코미디 영화라지만 무슨 중국녀가 한국 국정원요원으로 나온것도 어이없고,0
기적,10,이성민 진짜 연기 미친거아니냐;,1
샹치와 텐 링즈의 전설,10,마블 새로운운 영웅 등장,1
해리 포터와 마법사의 돌,10,레전드 오브 레전드.. 언제 봐도 처음 봤던 설렘이 재현되는 영화,1
엑시트,10,한장면마다 쫄깃합니다,1
파이브 피트,10,마지막 대화씬에서 눈물 없이는 못봄...아름답지만 슬픈 이별,1
보이스,10,일단 근래에 본 영화 중 가장 몰입도가 높았습니다. 나도 저렇게 당하겠다. 라는 생각이 들었습니다. 어떻게 저렇게 철저하게 준비하고 행동하는지 안 보신분들은 부모님과 꼭 한 번 보시길 권장합니다. 가족과 함께 시청하는 것도 추천합니다.,1
보이스,10,보이스 피싱이 난무하는 세상의 이 영화를 보면 좀 더 경각심이 생기는것 같아 공감이 갑니다,1
보이스,10,보이스 피싱이 난무하는 세상의 이 영화를 보면 좀 더 경각심이 생기는것 같아 공감이 갑니다,1
토르: 라그나로크,8,너무 재밌음. ㅋㅋ 특히 음악이 내취향 ㅋㅋㅋ,1
쇼미더고스트,1,도대체 이영화  왜 만든건가여그냥  아무유튜브 한편 보는게 훨나은듯  시간 돈 성질까지 다바리는 영화,0
오복성,10,오복성 오복성 오복성 오복성,1
글래디에이터,10,기승전결이 완벽한 작품.,1
클레멘타인,10,연출 연기 스토리 영상미 OST 다섯개가 모두 완벽한 영화라고 할수있는 영화입니다. 근데 전 안봤어요,1
싱크홀,9,"평점이 낮아서,,시간 낭비 아닌가 했는데..보니까..공들여 만든 작품이고..재밌었어요..차승원 코믹 캐릭터  좋아요",1
클레멘타인,10,연출 연기 스토리 영상미 OST 다섯개가 모두 완벽한 영화라고 할수있는 영화입니다. 근데 전 안봤어요,1
너의 이름은.,9,재난에 대한 위로를 더할나위없이 깔끔하게 풀어냈다. 소재의 진부함을 화려한 영상과 군더더기없는 편집으로 덮어버린다. 어느덧 너의 이름을 같이 외치며 눈물을 흘리는 나.. 더이상 무얼 바라겠나.영화가 줄 수 있는 모는 걸 주는 영화. 스크린으로관람하길 바란다.,1
이퀼리브리엄,10,영화는 어째서 과거로 갈 수록 살아나는가.,1
서치,10,그냥 볼거없어서 본거였는데 연출이 넘 독특해서 신선하더라고요. 내용도 재밌고 반전도 있고. 찾아보니 평점도 높은 영화였네요^^,1
스왈로우,2,영화 결말이 여자화장실 몰카라니.,0
보이스,10,재미있게보았습니다.,1
습도 다소 높음,2,김경식 영화소개 프로그램에 속았고 발레신은 하니와앨리스에 아오이유우를 그대로 배꼈고(심지어 노래도 비슷) 완성도도 실망 고봉준감독님 델타보이즈때도 팬이었는데  매우실망했습니다. 그러나 이희준이라는 인지도있는 배우섭외는 고봉준사단에 긍정적이라고 봅니다.,0
모비딕,10,황정민 부당거래좋아하는데 부당거래보다 난 이게 더 재미있고 낫다고본다 한국에서도 이렇게 음모론을 잘만들수있다니 좋았다 시간가는줄모르고봤다 평점믿지마삼,1
극장판 짱구는 못말려: 격돌! 낙서왕국과 얼추 네 명의 용사들,10,짱구야 좋아해. 짱구야 좋아해.,1
보이스,10,보통 영화는 재미와 감동을 주는데 이 영화는 보이스피싱 수법들과 그 과정을 보여주어 지식과 경각심을 갖게 하였으며 전화로 돈 이야기하면 무조건 끊으라는 삶의 지혜도 얻었다! 하하하,1
아수라,10,감독님.화천대유  알고계셨나요?소오름..,1
싱크홀,10,아니 난 재밌게 봤는데? 왜이리 평이 안좋아? 평 안좋아서 극장가서 안보고 집에서 돈주고 봤네;;,1
침입자,1,이런 수준의 영화를 보면 내 시간도 아깝지만 투자자 돈이 너무 아깝더라고. 그만큼 쓰레기.,0
인질,2,솔직히 너무 재미없음 ㅠ 정민이형,0
"극장판 포켓몬스터: 정글의 아이, 코코",10,두번 울어서 마스크 젖음.마스크 두개 챙기세요.,1
보이스,10,배우들의 연기가 일단 너무 좋았고 한국영화특성인 신파나 로맨스가 거의 없어서 괜찮았다. 혹여 지루하거나 뻔한이야기일수 있는 소재로 재밌고 뻔하지않게 연출했으나 풀어가는 과정은 살짝 고개를 갸우뚱하게 했음,1
샹치와 텐 링즈의 전설,10,재밋엇음 ㄹㅇ 두번봄ㅎ,1
스네이크 아이즈: 지.아이.조,2,형편없는 각본에 공감 안가는 출연자들의 행동.. 거기다 지루한 액션은 보너스,0
기적,10,잔잔하지만 따뜻한 감동을 줄 수 있는 예쁜 영화. 이런 영화 앞으로도 많이 많이 만들어주세요!!!!,1
극장판 귀멸의 칼날: 무한열차편,9,"시간이 지나면 인간은 약해지지만, 정신만은 약해지지 않는다.",1
기적,8,사실 뻔할 수 있는 제목과 스토리에 큰 기대를 하지않고 편한 마음으로 혼자 영화나보러갈까 ? 하고 털레털레 가서 봤는데엄마아빠까지 끌고 추석당일 3일만에 2차관람할지 그날의 나는 몰랐겠지(첫관람때 마스크가 젖어서 두번은 울지 않겠지 했는데 나는 나를 모른다)아니 근데 박정민 배우 왜 이제야 알고 싶어진거지? 분명 연기 너무 좋다 끌린다 했긴 했지만 영화본지 일주일도 안돼서 산문집까지 읽어버렸다...?,1
모가디슈,10,1년만에 극장으로아이들과 보았는데정말 재밌게 봤어요강추,1
가을의 전설,8,"보고나서 미묘한 감정들이 든다.트리스탄 인생, 알프레드 인생, 영화에 나오는 등장인물 인생들 정답이 있을까?",1
아수라,10,화천대유 관련 보고 아수라 봤는데 소름 돋네요..,1
샹치와 텐 링즈의 전설,1,중국뽕 제대로 들어간 영화절대 보지마세요!별점 많이 준 사람들 백퍼 알바임,0
강남 1970,8,강남이 탄생하면서 얼마나 많은 사람들이 피해자이고 희생되었을까..그리고 극소수는 돈을 벌었을 것이다.,1
컨택트,10,역시 드니 뵐뇌브... 분위기 충만한 SF... 신선하다.,1
기적,10,재밌게 잘 봤다 박정민 최고다!!,1
아수라,10,"소장동 개발, 키야.. 다큐 였네..",1
지금 만나러 갑니다,10,너무 가슴뭉클한 영화였다,1
김복남 살인사건의 전말,8,"서영희가 지성원 죽였으면 진짜 친절한금자씨 이상의 통쾌한 복수극에 10점주려했다ㄹㅇ 어릴때 남자들한테 지가 당하면서도 구해주고, 지가 멍청해가 남편 동생한테 또 속아 잘못처먹고 당할때도 구해줬는데 이 친구란 ㄴ은 서영희 복수할때 도와주긴 개뿔 남편 낫처맞기전에 알려주고 서영희 통수치고 죽이네ㅋ 홍대서 여자죽을때 서영희딸 죽을땐 그래 모른척하다 ㅆㄹㄱ 남편 죽을라해가 도와주고 뭐 이딴 선택적 도움 ㄱ노답이있나 전형적인 한여국자 캐릭터로 딱 맞다ㅇㅇ 직장서도 비정규직이나 돌다 부하 꼰대짓에 그래 짤릴만하다ㅎ 서영희 죽인걸로 깜빵이나 갇혀야하는게 정의로운척 목격자 미화 제일 ㅆㄹㄱ가 혼자 살아서 급노잼 마무리",1
손치리야: 마지막 구원,9,별 기대 없이 봤는데 재밌네 이거,1
동감,10,바이준? 이라는 영화에서 처음 본 유지태ㅡ김하늘.. 그들을 다시 보게된 작품.. 영상과 OST가 좋았고.. 궁금했던 작품속 대학교는? 대구 계명대였구나.. 누구에게나 가슴속에 간직한 향기.. 그녀는 지금 잘 지내고있겠지? ㅜㅜ 코아 아트홀.. 서울극장..,1
러빙 빈센트,10,너무 좋았어요 전개가 조금 지루한 느낌이긴 하지만,1
사월의 끝,10,집중해서 봤네요.   각본과 연기가 엄청 나네요 반전에 반전이네요.,1
기적,10,웃다 울다....넘 재밌게 봤어요.... 잔잔한 감동이 있는 영화 추천합니다,1
좋은 사람,7,'좋은 사람이란 어떤 사람인가'에 대해 진지한 고민과 생각을하게 한다.,1
기적,10,전 올해 들어서 가장 잘만들어진 영화라고 생각합니다. 보는내내 지루함도 없고 계속 집중하게 되었습니다. 영화의 시골풍경이 마음을 편해지게되고 그냥 감동도 계속 있습니다! 꼭 추천이에요,1
콰이어트 플레이스 2,7,"아들의 성장스토리.뭔가 중간에 크게 잘라낸 장면이 있었을 듯..1편에 비해 복선 회수도 떨어지는 것 같고,악당들 개연성도 좀 없어보이네요..부디, 3편은 더 탄탄하게 만들어지길 바랍니다~!",1
아수라,10,안남=성남  성남시장 이재명 조폭연루설 팩트.,1
모가디슈,10,긴박감과 몰입감이  엄청나네요.근래 한국영화의 위상을 보여주는 영화!  대사도 굉장하고요  강추!!!,1
기적,10,거의 20분 내내 어깨를 들썩이며 울었어요.. 이맘 때 보기 딱 좋은 영화!,1
기적,10,제가 본 영화중에 제일 울엇어요,1
개를 훔치는 완벽한 방법,10,한국영화답지않은 담백함이 꽤나 좋았다.,1
보이스,10,변요한 팬이어서 10점줌 ㅋ,1
아수라,10,이건 영화가 아니라 다큐.,1
낙원의 밤,10,내인생영화  잡았다 풀어주고 잡았다 풀어주고악마를 보았다  인데  그다음이 뭐냐  물어보면 낙원의밤이라해도  과언이아니다,1
보이스,8,역시 변요한 믿고보는 배우,1
조커,2,슈퍼 싸이코 빌런 조커를 구질구질한 피해자로 강등 시킨 영화,0
바람이 분다,10,일본 명감독미야자키 하야오가 만든 영화평점들이 안 좋지만 저는 미야자키 히야오가 만든 좋은 영화 top 7,1
말리그넌트,10,"간만에 보고나서 여운이 남는 공포영화, 앞으로 제임스완이면 무조건 볼듯",1
랑종,2,지저분하고. 공포영화보단 좀비영화 가깝다,0
콰이어트 플레이스,9,"복선 설정 및 회수가 잘 이루어졌는데, 전체 볼륨이 짧은 느낌이어서 이 부분이 좀 아쉽네요.신선한 소재와 내용 좋았습니다!",1
싱크홀,1,솔직히 명절에 티비에서 해줘도 보다가 티비끈다,0
나를 찾아줘,8,내가 원했던 결말이 아니어서 8점…‘미주리주에는 사형제도가 있다고 한다.  나는 기꺼이 그녀를 죽이고 사형을 택할것이다.’ 가 내가 원하는 결말이었지만 그정도로 배우들의 연기가 훌륭했음.  영화보다가 곤히 잠든 마누라를 한참을 쳐다보다가 간신히 잠들었다….,1
습도 다소 높음,1,습도다소높음? 보면볼수록 짜증지수 높음 ㅇㅋ 이거돈내고봤으면 울었음 진심..,0
회사원,2,개연성 액션 모든게 없음,0
샹치와 텐 링즈의 전설,1,그냥 b급 짱깨영화설명하다 싸우고 설명하다 싸우고 끝,0
싱크홀,2,이 배우들로 이것밖에 못 만드나?,0
보이스,8,생각보다 박진감 있고 액션도 좋다.,1
걸캅스,1,왜케 오글거려ㅋㅋㅋ!!,0
더 테너 리리코 스핀토,10,스토리가 지어낸 게 아니라 실화라는 게 정말 마음을 움직였습니다.마지막에 정말 소름,1
아수라,10,영화 배경이 안남시 소장동 이더라구요...성남시 대장동에서 어떤 일이 있었는지 이미 알고 있었던것...,1
싱크홀,10,감동과 코믹이 잘 어우러져 있어요~차승원씨다워요  너무 즐겁게 잘 봤답니다,1
랑종,1,밍 아니었으면 0점이다 홍진아,0
랑종,8,파라노말 액티비티 좋아하신분들은 무조건 극호일듯,1
콰이어트 플레이스 2,7,SOSO 한거같음. 첫편은 신선해서 좋았는때 2편은 글쎄요. 킬링타임으로 볼만한데전개가 뻔해서 졸림.,1
스폰,7,시대가 지나서 cg도 어설프지만설정은 괜찮은거같음. 리메이크해서 나오면 괜찮겠네요. 주인공 스폰 의상이 멋있음.,1
진짜 진짜 미안해,10,임예진 아줌마 어릴때 엄청 이쁘고 귀여웠네. 근데 지금은 어쩌다 그렇게 변했는지... 외모뿐 아니라 성격까지 너무 험하게 변했다... 세월이 야속해 ㅠㅠ,1
랑종,10,8점대 이상 나와야 할거같다 몰입감이 상당하고 뒤로 갈수록 몰아치는게 아주 재미있지만 잔혹한 장면들때문에 점수가 깎인듯,1
범죄의 재구성,7,무겁지않고 재밌어요 근데 청불이 아니라 15세정도 되는듯,1
아수라,10,탁월한 안목에 감탄합니다,1
기적,10,느무 감동적이다ㅜㅜ주인공들 캐스팅이 다했다!!,1
아직 사랑하고 있습니까?,10,이게 평점이 왜 이거밖에 안되는지 겁나 잼있음 유튜브검색해보셈 댓글들 어떠한지,1
아수라,10,실화를 바탕으로 만든 영화인지 몰랐었네요,1
에이 아이,10,"""50년은 길어?""""그리 길지 않은 것 같은데""그렇게 50년이 50번 반복되는 시간을 기다려나를 사랑하는 엄마와 단 하루를 보내고 그 하루를 간직한 채 영원한 꿈속으로 잠든 데이빗..한편으론 그렇게 떠나보낸 데이빗을 모니카는 죽을 때까지 그리워하지 않았을까.그래도 고작, 그리워한 시간은 50년밖에 되지 않았을 테지만..",1
샹치와 텐 링즈의 전설,1,"마블 이것들 페미코인 받아먹은걸로도 모자라 차이나머니까지 받아먹고, 아주 돈이면 다하는구나. 중국인은 지구상에서 사라져야 된다.",0
어린 의뢰인,10,최고였어요 너무 좋았어요 영화 최고 ㅠㅠ,1
목격자,8,마지막 아줌마 왈 ; 4억이하는 안돼는데...4억이하가 10억넘음 문재앙 업적,1
기방도령,8,마지막에 울었음ㅋㅋ 티빙으로 봤는데 영화관에선 어떨지몰라도 재밌었음 킬링타임용으로 추천. 준호연기력 기대이상,1
스피릿,10,5살 아이와 보기 좋았어요.적극 추천합니다.,1
낙원의 밤,10,간만에 조폭영화 재밌게 봤네 엄태구 마니 컸네 주연도하구 엄태구 나온 것중 젤 재밌게 봤네 아주 조아,1
소공녀,10,"미소는 집도 돈도 없지만, 가장 중요한 무언가를 가지고 있다. 그래서 그녀의 삶은 고달프지 않다. 스스로도 자신의 처지가 별로 비통하지 않다. 당장 영화평만 들여다 봐도 우울하다, 저렇게 살고 싶지 않다, 불쌍하다는 글이 보였다. 나는 의아했다. 내가 본 미소의 삶은 하나도 불쌍하지 않았다. 그를 동정하는 사람들보다 오히려 더 온전하게 잘 살아가고 있었다. 영화에서도 그 점을 내내 은밀하지만 분명하게 짚어주고 있었다. 미소가 처음 찾아간 직장인 친구는 번듯한 회사의 직장인으로 나오지만, 일에 치여 제대로 휴식을 취하기도 어려워 점심시간에 제팔에 포도당 링거를 꽂는다. 그리고 잠깐의 여유도 사치라는 듯 상사의 독촉 전화를 받는 모습으로 나온다. 나는 그 친구가 미소보다 행복한 삶을 산다는 느낌을 조금도 받지 못했다. 이후에 나오는 친구들도 피상적으로 미소보다 가진 것도 이룬 것도 많아 보이지만, 그들이 가지고 있는 것들이 과연 미소가 가진 무형의 가치들보다 더 귀중한 것일까 하는 의문이 들었다. 어떻게 사는 게 잘 사는 삶인지 우리는 시간을 들여 진중하게 생각하려 하지 않는다. 그저 사회가 정해놓은 기준과 잣대를 수동적으로 받아들이고, 그게 정답인양 기계처럼 살아간다. 그 안에서는 인간 개인의 존엄이나 취향, 가치관 따위는 별로 중요하지 않다. 정말 멋대가리 없다. 그에 반해 미소는 어떻게 살것인지 아주 작은 부분들까지도 스스로 결정한다. 그리고 내 삶의 방식에 한치의 부끄러움도 없다. 그저 취향대로 하루를 온전하게 살아갈 뿐이다. 미소는 멋있고 유니크한 부자다.",1
발신제한,10,조우진이 조우진했다손에 땀 흘리고 봤다,1
시체들의 새벽: 컨테이젼,1,쓰레기영화ㅋㅋㅋㅋ,0
랑종,8,미친 엽기호러 몰입도가 굉장했다 불쾌하고 불쾌한 영화,1
야쿠자와 가족,9,일본 특유의 감성과.. 주인공 연기력도 훌륭하고 여운이 남는..,1
맨 인 더 다크,8,영화 시작부터 끝까지 지루한 틈이 하나도 없고 정말 시간 가는 줄 모르고 봤네요.,1
모가디슈,10,눈하나 못마주치고 차갑게 행하는 이별이 이렇게 슬픈 여운을 줄줄은 몰랐습니다. 이런 시국만 아니었어도 능히 천만은 갔을 명작입니다.,1
쇼크 웨이브 2,8,역시 유덕화다  눈물두 쪼금낫음  볼만한영화인거갓다,1
싱크홀,1,돈들여 쓰레기를 만드는 많은 방법 중 영화 분야 최고 찍으실 야먕이 보이네.,0
밀리언 달러 베이비,10,복싱영화 원탑... 끝내줍니다..,1
샹치와 텐 링즈의 전설,2,주인공이 너무 나이들어보이고 스토리는 졸립고 .... 잼없음 ㅜ ㅜ마블실망,0
쥬라기 월드,2,이 감독 영화는 앞으로 믿거. 정말 별로다,0
종착역,9,"요새 힐링 영화 찾아서 혼영 즐기고 있기에 알맞은 영화였다고 생각듦. 그냥 생각없이 보면서 잔잔하게 힐링되는 영화 같음. 근데 음향이... 단순히 크다고 할 수 있지만, 귀가 아픈 수준 이란게 아쉬웠음.",1
된장,10,몇 안되는 한국영화의 수작,1
1987,10,최고의 영화 하....,1
사냥의 시간,1,와~ 그래도 인지도 있는 배우들이 있어서 볼만할것 같았는데 스토리가 무슨 삼류영화 수준이네~ㅋㅋㅋ,0
보이스,10,변요한 반햇음..ㅎ 0_<,1
조선명탐정: 흡혈괴마의 비밀,10,"조선명탐정 1, 2, 본 적 없이 어쩌다 이거부터 봐서 그런지 나는 엄청 재밌었음. 킹덤처럼 ott시리즈였다면다 씹어먹었을 듯.",1
랑종,10,"사주에 대해서 공부를 해본 입장에서는 진짜 잘 만들었다고 생각한다. 실제 무당이나 신내림 받은 사람들한테 물어보면 하나같이 현실고증이 쩐다고 말한다.그런데 문제가 있다. 일반인들은 이런 사주나 신내림 같은 문화를 잘 모른다. 그래서 일반인이 보면 이해가 안되거나 고개를 갸우뚱하는 부분이 존재하고 이로 인해 재미없다고 생각하게 될 수도 있다. 이러한 배경지식을 영화에서 다 설명하면 지루해지니까 감독 입장에서는 고민이 많이 되었을 것이고, 이게 최선이었을 것이다. 시청자들에게 최대한 이해를 도우려는 흔적들이 보이고 그게 최선임을 알기에 난 높은 점수를 주고 싶다.",1
타락천사,10,머리털 나고 본 영화중에 가장 세련된 영화,1
뷰티풀 보이,9,스티브카렐은 천재다 ... 어떻게 이렇게 완벽한 연기를 보여주는지 신기할따름 ... 약에 빠진 아들을 바라보는 아버지의 심정을 연기로 말했다,1
다키스트 아워,10,짧지만 강한 호소력이 돋보인다,1
기적,10,감동과 공감이 있는 영화!메마른 마음에 샘물 같은 영화!올해 본 영화 중 최고!,1
마더,10,이게 봉감독 최고의 영화다,1
습도 다소 높음,7,"아직 영화는 못봤다. 그러나 튼튼이, 델타 등등 언제나 믿고 본다. 현재 대한민국 독립영화에서 고봉수 감독과 김초이 감독이 가히 최고라고 생각한다.",1
맨 인 더 다크 2,8,볼만해요 ~스토리도나름있고!^^1편보단나음,1
스네이크 아이즈: 지.아이.조,1,캐릭터 특성상 어쩔수 없었겠지만 이제 일본색은 동양은 물론 서양에도 먹히질 않는다,0
싱크홀,2,감동이목적인지 코메디가 목적인지 진찐 내가만들어도 이만큼은 하겠다 진짜  개유치하네,0
파프리카,9,이렇게 의견이 분분한 것만 해도 소기의 목적은 달성한 것 아닐까?때론 범인들이 모두 이해한다는 것 자체가 실패인 창작가의 꿈도 있다.,1
아저씨,10,제가 영화를 볼 때 가장 좋아하는 요소가 희생인데.. 너무 잘 담아냈습니다. 크리스토퍼 놀란의 영화인 다크나이트의 배트맨처럼 다크나이트가 된 아저씨..,1
혼자 사는 사람들,10,혼자 사는 사람들의 혼자 살지 못하는 이야기. 공승연이란 배우를 알게되서 기쁘다,1
콜,8,이거 왜 봤지...자기전에...무섭다...,1
인터스텔라,10,한마디만 하죠지렸다,1
아바타,10,그냥 미친 영화였던거ㅠ같음,1
변강쇠,10,지금 봐도 잘 만든 영화. 배우들의 연기가 기가 막힌다. 원미경은 정말 섹시하고 이쁘다.,1
남한산성,10,"진짜 뻔한 전쟁영화가 아닌, 살기위한 몸부림을, 국가의 대국강성을 위한다는 같은 목표를 각자 다른 신념 하에 대치시킨게 정말 처절하게 느껴집니다ㅠㅠㅠ 유머가 들어갈수 없을정도로 무거운 분위기이지만 2시간이 손살같이 흘러가버렸습니다ㅜ",1
보이스,10,선과 악 그 위험한 경계에서 맞서 이 둘의 극렬하고 치열한 대비를 살린 무엇보다 악마의 디테일을 살린 대역작,1
모가디슈,9,마지막에 비행기에서 내린 직후 질질끄는 남북 억지 신파만 아니면 천만 가깝게 찍어도 이상하지 않을 영화. 코로나시국에 개봉해서 아쉬운 영화. 오랜만에 영화다운 영화봤다.,1
이스케이프 룸 2: 노 웨이 아웃,8,탈출에 성공했던 사람들이라 단서도 잘찿고 문제도 잘푸는거겠지만 너무 쉽게 해결 하니까 긴장감은 쬐금 떨어짐 그래도 중간중간 헉! 하며 소름 몇번 돋았네 일단 재밌고 전개도 빠르고 방마다에 아이디어나 CG영상이 볼거리임,1
샹치와 텐 링즈의 전설,8,어차피 엔드게임 이후  과도기이고  양자경 누님 클라스에 옛추억소환!,1
새콤달콤,10,재밌다!!! 장기용 이 나쁜놈!!!! 했다가ㅋㅋㅋ아니었네 채수빈이가 OO이었네ㅎㅎㅎ,1
좋은 사람,7,나만 모르는 나의 본모습,1
기적,10,너무 재밌게 잘봤어요 영상도 예쁘고 뭔가 힐링이 되는 영화였어요,1
우리가 꿈꾸는 기적: 인빅터스,10,정말재밌게 보았습니다.,1
파고,9,그래서 돈보다 더 중요한 가치는 뭐예요?,1
원초적 본능,10,기계를믿으세요. 캐서린은 그저 모든걸다가진여자였을뿐,1
싱크홀,1,보면 헛웃음만 나옴ㅋㅋㅋ내 생애 이렇게 웃긴영화는 처음이닼영화보면서 엄청 피식댐ㅋ물론 비웃음ㅋ,0
새콤달콤,8,"반지랑 제주도여행권에서 남자가있었네라곤 생개했지만 ㅋㅋ식스센스네 ㅋㅋㅋ 아니 왜 다른배역썼나했더니 ㅋㅋ이런개반전 마카롱도 반전에, 처음 집에가서 미역국ㅋㅋ반전...와...ㅋㅋㅋ 그리고 다은이 담배필때 정규직이라고한번 나왔는데 장기용은 비정규직 이였다는거!",1
인비저블맨,7,여주의 연기력이 괜찮았고 영화적 구성도도 나쁘지 않긴 한데 조금 싱거운 맛이 있는듯.,1
고령화 가족,10,"미우나 고우나 가족은 가족,, 오랜만에 가슴이 따듯해지는 영화였습니다.",1
드래그 미 투 헬,7,레이미만 한 층 더 인상 깊어졌다,1
보이스,10,와 진짜 재밌게 봤어요! 변요한 배우님 정말 멋있네요. 중간에 막 화가 날 정도로 현실을 잘 담아낸 영화입니다. 일단 돈 얘기 하면 무조건 믿지 말자..,1
코쿠리코 언덕에서,9,"지브리만의 추억여행, 동아리건물을 지키려는 그들의 열정도 멋있었고, 막장으로 보일수 있는 소재도 나름 낭만적이었다.",1
기적,10,감동적이고 재밌어요  찔끔찔끔 계속 울었어요 ㅎㅎ,1
매트릭스 2 - 리로디드,9,페르세포네의 키스는 사심이 담겼다고 볼 수 밖에..,1
랑종,1,사람들이 보지말란데는 이유가 있다! 정말 너무 아니다! 더럽지도 무섭지도 않고 그냥 거부감들고 뒷내용이 궁금하지도 않다!  중간에 나가는 사람들이 이해가 간다!,0
차인표,10,후반부로 갈수록 웃겨요!!! 가족들이랑 배꼽잡았네요!! 간만에 한국 코메디영화 잘보고갑니다!!,1
캔디맨,8,사운드와 미술 연출이 좋음. 서서히 다가오는 공포를 느끼고 싶으시다면 추천,1
라라랜드,10,"현실에 대한 불안과 꿈에대한 열망의 갈등속에서 일어나는 미치도록 슬프고 현실적인 사랑이야기가 영화에 담겨있다. 아름다운 선율이 이토록 슬프고 뭉클하게, 또 다른 모양의 멋으로 가슴에 담기는 최고의 영화.",1
싱크홀,10,넘 재밌게 봤어요코믹도 골고루 섞여있고 감동도 있고 좋아요,1
시간의 끝에서 널 기다려,10,로맨스판타지..이런 감성 좋아요. 감상평에 남주가 칭따오 닮았단 글보고 보니까 첨엔 몰입이 안됐는데.. 어째 늙어갈수록 잘생겨질까요 ㅎㅎ 그들의 연기에 어느새 빠져서 보고있었네요. 한시도 눈을 못떼고 봤어요. 여주도 너무너무 이쁘고~~,1
어른들은 몰라요,10,이해가 안간다며 현실성 떨어진다고 악평 남기는 사람들은 그만큼 배불리 먹고 등 따시게 잘 살아서 그런 태평한 소리를 하는거지 ㅋㅋ 여기서 보여진 부분 말고도 더 극심한 하루 하루를 보내가는 아이들이 생각보다 훨 많음 니들이 뭘아니? 제목 값 하네 머리가 꽃밭인 꼰대들은 몰라요 ㄹㅇㅋㅋ,1
종착역,10,영화 자체 분위기도 그렇게 내용도 그렇고 갠적으로 되게 힐링 됐던 영화였던 거 같다 아이들도 너무 귀여워서 볼 때 아이들의 현실적인 모습이 보여서 지루할 틈이 없고 재밌었다 너무 귀엽고 힐링 되는 영화였던 것 같다,1
아수라,10,리얼하고 잼나요역시 하죠^^,1
미운 오리 새끼,10,자극적인 장면 없으면서 자꾸자꾸 보고싶어지는 영화...,1
비스티걸스,10,"연기가 일품, 연출도 일품은구라고 보면 잠 안옴 화나서",1
이스케이프 큐브,1,어떠한 동기나 이음새없이  어떤여자가 길바닥에 누워있다가  살인자의 차를 얻어탔는데   뜬금없이  입지도 않았던  해녀복과  스타일리쉬한 헤어스타일로 바뀐채 좁은 통로안에서  영화내내 기어가는 장면만 나오다 끝나는 멧돌손잡이없는 영화.  이영화저영화 섞어서  비슷하게  흉내를 내볼려다  이도저도아닌  쪽팔리고 저렴한  동영상수준,0
아픈 만큼 사랑한다,10,제자신을 뒤돌아보는 기회가 되었습니다,1
아수라도,10,현직 빵잽이 입니다.이 영화를 보고 화가나 주임을 때려징벌방에 갔습니다.징역 깨기 좋은 영화 입니다.,1
오만과 편견,10,열번을 넘게봐도 계속 좋은 영화,1
내 머리 속의 지우개,10,정우성 진짜 멋있네 연기도 찰떡,1
올드,3,또 또 생각나는대로 막 만드네,0
짱구는 못말려 극장판: 폭풍수면! 꿈꾸는 세계 대돌격,10,좀 나이 먹고 다시 봤는데도 재미있네요! 감동적이고 뭉클한 장면도 많았고... 잘 봤습니당,1
캔디맨,1,"영화관에서 덩그러니 혼자 봐도 절대 한번도 놀라지 않을 영화..(실제로 혼자가서 봤어요.) 겟아웃, 어스보고 고민도 안하고 예매했는데 ㅜ 조동필이 나를 실망시키다니....ㅂㄷㅂㄷ중간에 몇번이고 잘까말까 고민하다가 한번이라도 무섭겠지, ㅂㅏㄴ전이 있겠지 기대하며 끝내 배신감만 가득 안고 나옴 ㅎㅣ",0
인질,7,그래도 연기하나 정돈 좋았다,1
미스 슬로운,9,대단히 지적이고 수준 높은 시나리오와 압도적 연기력이 돋보이는 영화,1
좋은 친구들,10,스토리 연기 다 좋았습니다~~주지훈님 연기 진짜 잘하네요~,1
그것만이 내 세상,10,평론가새끼들 평점 낮게준거 진짜 개꼴받네 ㅋㅋ 영화 볼줄도 모르면서 꼴에 평론가랍시고 글 몇개로 꺼드럭거리는거봐라 이게 5.2점? 신파도 이정도면 적당한건데,1
사도,10,진짜 너무 슬퍼요ㅠㅠ 사도세자 너무 비극적이네여,1
아수라,10,이재명스토리네요. 잘봤습니다.,1
제8일의 밤,10,생각없이 자기전에 봤는데 재밌네요. 전설의고향 같은거 좋아하면 볼만해요.,1
굿바이 싱글,10,왜 이제 봤을까 싶을 정도로 좋은 영화 입니다. 코미디와 감동 모두 있습니다.,1
기적,1,평점 많이 내려가야할듯,0
말리그넌트,10,와 진짜 신선한고 끝까지 정말 재밌게 봤다!,1
태극기 휘날리며,10,겉멋빼고 진지하게 다가간게 이영화의성공이유,1
이스케이프 룸 2: 노 웨이 아웃,7,몰입감 하나는 좋습니다,1
글러브,9,스포츠영화에 연기력이 좋네요,1
기도의 힘,10,아멘 주님 감사합니다.,1
아수라,10,이영화 그분 일대기인가요?,1
인질,1,개연성 제로 노잼 영화...,0
기적,10,가족끼리 볼 재밌는 영화,1
신세계,10,너무 재밌네요. 잔인하기도 하지만 찐연시자분들이 나오니 흥미로웠어요ㅎㅎ,1
기적,10,"정말 코미디,멜로,감동,스토리 뭐하나 빠짐없이 완벽한 영화였어요 ㅠ 벌써 극장가서 2번 봤는데 앞으로 더 볼 예정이에요 ㅠㅠㅠ 인생영화입니다!! 기적 강추!!!",1
제8일의 밤,1,감독의 역량 부족... 넷플에서 왜 저 감독 한테 맡겼을까? 넷플 회장 아들인가?,0
솔져스 메모리,1,글쎄....ost 의 신경긁는 느낌과 질질 끄는 스토리.. legionario 라고 알고있고 기대했는데. .,0
노인을 위한 나라는 없다,7,영화를 보고 리뷰와 해석을 따로 보지 않고서도 10점을 줄 수 있을 사람들이 얼마나 있을까?,1
하나 빼고 완벽한 뉴욕 아파트,10,저는 너무 재밌게 봤어요 ㅎㅎ 킬링 타임용으로 가볍게 보면 재밌어요.,1
킬러의 보디가드 2,8,다들 전작 기대하고 봐서 그런가? 생각보다는 평이 낮네. 개드립 과한면이 많지만 지나치게 유치하지도 않았고 나름 킬링타임용 팝콘무비값은 하는 영화. 이런 영화는 상식의 틀에서 벗어나 의식의 흐름대로 따라가는 맛이지. 배우들의 피터지는 개드립에서 실소조차 않았는데 쿠키영상 마지막 장면이 제일 웃기네. 중간은 가는 미국식 코미디와 액션의 조화,1
리플리,7,맷데이먼 젊었을때 진짜 잘생겼ㅠ 주드로 보다 맷데이먼.. ♡,1
사냥의 시간,2,이정도면 차라리 박해수님을 터미네이터나 로봇으로 설정하지 그랬냐..죽일수 있는 기회도 많고 도망갈 기회도 많았는데 아무 이유 없이 죽이지도 못하고 도망가지도 못하는게 너무 답답하다.충분히 괜찮은 소재와 차고넘치는 배우들을 가지고 고작 이런 결과물이라니..,0
더 포스트,9,역사의 초고를 위한 분투,1
캐시트럭,10,마지막 아들 복수가 아쉬웠다 끌고가서 고문하면서 악마를 보았다에 이병헌처럼 복수하길 바랫는데,1
보이스,10,볼만혀  굳굳굳구~.볼만해요,1
샹치와 텐 링즈의 전설,10,믿고 보는 마블...핵꿀잼,1
말모이,10,감사합니다. 한국인임이 자랑스럽습니다.,1
극장판 짱구는 못말려: 격돌! 낙서왕국과 얼추 네 명의 용사들,10,짱구 평생 연재 됐으면 좋겠어요,1
쇼미더고스트,8,"한남들은 지 애비한테 세상을 삐뚫게 보는 기술이라도 배우냐?? ㅋㅋ 뭔 영화 평점마다 전부 테러 수준으로 싸질러 놓냐. 진짜 한남 이즈 과학이구나 ㄷㄷ 아참, 근데 왜 가슴 큰 여자 나오는 에로 영화들은 다 평점이 높냐? 그게 니들 수준인거겠지 ㅋㅋ",1
악마는 프라다를 입는다,10,성공의 정의는 사람마다 다르다. 다행이다,1
미드나이트,10,생각보다 많아 괜찮네요 태어나서 평점 처음해봄,1
아수라,10,다큐멘터리인가 무섭다....어떻게 이렇게 똑같이 흘러가?조폭 비리경찰 안남시장 토건비리 ㄷㄷㄷ,1
프랙처드,10,예상하게되지만 반전을 원했는데 아쉬웠다,1
클래식,10,명작.... 인정...,1
세인트,10,영화를 보는 동안 계속 즐거워요..,1
엑시트,10,그냥 너무 최고에요ㅠㅠ 힘을 얻을 수 있는 영화에요!!!,1
치킨 런,8,재밌었당 이 특유의 클레이 그림체 너무 좋다. 나도 저런 모험을 떠나보고싶은 마음...ㅋㅋㅋㅋ,1
수상한 그녀,8,음악이 너무 좋아서 굳~ 웃기고 감동적이고 재미있게 봤음.,1
제8일의 밤,1,왜 무섭게 못만드는거지? 내가 감독해야될판,0
달콤한 인생,2,이병헌 연기랑 황정민 빙상장에서 미끄러지는 부분은 쩔었음 근데 솔직히 스토리는 개별로.. 스콜세지 감독 영화라도 보고오지...,0
말리그넌트,10,ㅋㅋ웃겨요abdjsjwkw,1
싱크홀,1,평점조작하는사람들 천벌받았으면 좋겠다 사기죄 처벌이 약하니까 온갖 사기가 판을치고 영화평점 마저 사기를 쳐대니 에라이진짜 삼류라고 표현도 못할 망작  출연진이 이 영화를 보고 무슨 생각을 할지가 제일 궁금했음 감독의 필모를 봤어야됐는데.. 에휴,0
유랑지구,2,보지마세요 재미없습니다.,0
싱크홀,2,진짜??초반에 언제무너지나 기다리고무너지는장면 cg보면서 경악?내11000포인트??히발?,0
렛 힘 고,8,고구마 캐릭터들의 향연 .. 하나같이 자기만 안다. 그리고 이정도로 엇갈릴수가 없다.모두가 악연으로 이루어진 영화. 그래도 다들 연기 내공들이 높아서 연기 자체는 정말 잘한다. 영화 내용은 그냥 발암이다. 처음부터 끝까지 발암캐... 고구마 10만개 먹은 느낌 ..,1
패스트 & 퓨리어스 - 도쿄 드리프트,10,갈수록 스케일은 커지고 작품성은 반감되는 후편들보다 더 괜찮은 수작,1
디태치먼트,10,부모의 양육과 정서적 안정에서 모든인류가 시작된다. 그 다음이 교육인것을.책임질수있는 부모가 어른인것이다.교육은 늘 차선일뿐이다.,1
보이스,9,난머 알바도 아니고 재밌던데 박진감있고 배우들 연기좋고 특히 김무열,1
매드맥스: 분노의 도로,10,스펙타클 먼 미래 인류의 현실이 될수도,1
귀문,1,왜 0점은 없는거죠 내기준 빵점 재미를 떠나서 이해는 되게 만들어야지,0
보이스,10,레전드영화.. 보이스피싱의 심각성을 다시 일깨워주게 해줌 변요한 연기 최고,1
스쿨 오브 락,10,수학에 정석이 있다면 락의 정석은 이 영화다,1
니모를 찾아서 3D,9,잘만든영화 재미있게 봄,1
미이라,7,과대평과된 면이 있는것,1
보이스,10,재산세 내라고 핸드폰으로 연락 와서 급 위텍스 다운받아 내려고 하다가 보이스 생각이 나서 지로 올 때까지 무통장으로 미루고 있는 내자신을 보며 10점~,1
싱크홀,2,"20년 전 한국 영화같다 연기,연출,cg 너무 부족함. 뻔한 스토리 뻔한 연출. 못봐주겠네",0
기적,10,연출 연기 다 좋고 진짜 재밌어요. 강추,1
기적,10,연출 연기 다 좋고 진짜 재밌어요. 강추,1
콘스탄틴,3,글쎄 아쉽게만 봤던 기억이,0
싱크홀,3,참 재미없게도 만들었네요..,0
"나, 다니엘 블레이크",10,이 영화보면서 미안해요 리키라는 영화가 계속 생각났었는데 같은감독이라니..미안해요리키도 그랬지만 이런결말을 생각한게 아니었는데. 원하지도않았고.감동적인거는 댄과 케이티관계가 감동적이지 스토리는 너무  메마르디 메말랐다.  그 메마름이  뼈에 사무치게 감정선을  건든다.,1
자산어보,10,추석 명절 끝날TV로 방영된 자산어보를보고  감동을 받았습니다연기도 연출도 영상미도정말 훌륭한 영화입니다영화관에서 대형 화면으로또 보고 싶은 秀作입니다,1
터미네이터: 미래전쟁의 시작,10,3부작이 완성됐어야 하는 영화.영알못들에  의해 까인 작품.수작이다,1
박하사탕,10,"누구나 갖고 있는 일생일대의 후회되는 순간몇번이나 기회가 있었음에도 행복하지 못하게 되는 최악의 선택들그리고 타락으로 부터 멀어지고 순수했던 그 순간으로 돌아가고 싶은 짙은 후회를 영화 전체에 걸쳐 박하사탕이라는 매개물과 기차로 연출한 점이 인상적이었음물론 주인공은 찌질, 무책임, 겁쟁이에 솔직하지 못한데다 OOO지만명작인건 맞지만... 볼수록 잘 만들었다는 생각은 들지만. 좋아할수 없는 속상한 영화였음",1
제8일의 밤,10,혼자만보기 억울하다~  궁금한사람 꼭봐라,1
랑종,1,개인적으로 아무리 연결해 보려 하더라도 곡성도 해석이 좋아서 그렇지 만들다가 에라이 모르겠다식으로 엉망인 영화로 생각해 봅니다.영화란게 정답이 없기에 그냥저냥 몇번 봤다면 랑종은 아무것도 건질게 없네요~너무 뻔한 요즘말로 클리셰 뿐이라 설마 그런걸 하겠어 하면 여지 없네요.태국 퇴마문화는 다큐멘터리 보다도 신비감이나 이질적인 것에서 오는 공포감도 못느꼈습니다.이럴봐엔 그냥 한국에서 무당소재로 하시지 솔직히 엑소시스트인가 하는 종편 무당들이 퇴마하는 프로가 더 긴박하고 공포스럽네요.요즘 나온 오컬트 수작 의외로 볼만한데 유전이나 위드소마는 말입니다.아쉽네요 태국의 스산한 기후와 뭔가 꿉꿉하고 뭔가 불쾌한 공포를 유도 했을지 모르나 아무것도 건질게 없었습니다.게임 세키로의 목없는 원령 등잔씬보다 무섭지 않으니 아쉽네요,0
낙원의 밤,10,올해본영화중 핵사이다.최고다 평점 별100개,1
앵그리 버드 2: 독수리 왕국의 침공,10,내가 본 영화중에서도 애착이가는 캐릭터와 계속 돌려보고싶은 내 인생 최고의 영화(앵그리버드 3이 나오면 좋겠다),1
파수꾼,10,박정민이 제일 나쁘다!!!소심한 놈!!!,1
아수라,10,화천대유하세요!!!   감사합니다,1
캔디맨,9,또잉 나름 잼게 본 영화인데ㅠㅠ 별점이 낮아서 맴이 아파가지고 후기 남겨요.영화가 메시지를 강하게 전달한다는 얘기에 동의합니다... 근데 그만큼 그 문제를 그만큼 절박하고 시급하게 느낀단 얘기겠지요. 보다가 목소리가 넘 큰게 아닌가 하고 좀 당황도 했는데 이런 이유 아닐지 하며 이해했습니다. 신체훼손의 정도(잔인함)도 종종 언급되는 것 같아요. 그렇게 영화를 꾸린 이유를 영화 내에서 어느 정도 설명한다고 생각합니다... 어쨌든 훼손이 있긴 해서... 비위가 약하시다면 고려해보시는 편이 좋을 것 같아요. 전 92년 영화 보고 봐서 더 잼썼지만 안 봐도 이해 되도록 친절하게 만들어놨습니다. 그치만 92년 것 보고 가시면 이 영화가 어디에 집중해서 어떻게 계승했는지 더 잘 눈치채실 수 있을 것 같아요. 암튼 캔디맨 화이팅~ 빠샤~,1
기적,2,사람들이 관심 자체가 없으니까 평점이 안내려가네 ㅋㅋㅋ 영화 소개 프로랑 평점보고 볼만은 한가보다 싶어서 보러갔는데 완전히 다른 영화라 깜짝 놀랐다.. 할말이 너무 많은데 다 쓸수도 없고 하... 무슨 박정민 윤아 투톱 주연인거처럼 홍보하더니 윤아는 극 중반부터 사라지고 영화 장르가 완전 바뀌어 버리네.. 초중반부는 필요한 부분만 보여주고 휙휙 지나가더니 후반에 감정 잡을때는 또 왜이렇게 긴건지... 하 진짜 한숨 나오는 영화고 이거 아직도 평점 이렇게 높은 꼬라지 보니까 이 댓글도 비추만 찍히고 묻힐꺼 같은데 이거 보신 분들이라도 돈 아끼세요 제발 ㅎㅎ;; 보이스나 기적이나 둘다 영화가 아닙니다....,0
변산,8,2번 아니 3번째인가 오늘도 두아들램하고 치킨에 떡볶이 시켜서 잼나게 봤다 몇번을 봐도 잼나네 여름 휴가를 변산으로 가따와서 더 잼난듯 ㅋ,1
